copium,ground_density,moist,reflectivity,silicon_rate,oxygen_rate,iron_rate,aluminium_rate,magnesium_rate,undetectable
1,2.767890550461079,0.10065993697509185,0.39719947126102434,0.04202888165394755,0.044731089892611264,0.26313911043734883,0.3476594092552526,0.2570294623175141,0.045412046443325665
0,0.7237517074933972,0.11210560949600144,0.028435436826720027,0.25245815408446154,0.04499222947536798,0.5245087747510562,0.1289577895587652,0.04015663404209264,0.008926418088256472
0,0.9455525398202597,0.1675260160772871,0.35005415710736043,0.12548805041478778,0.03982167440114788,0.46151901166210946,0.17899895326439924,0.1410764060510298,0.05309590420652588
0,2.1804558776900578,0.1991986091780861,0.25670509118255097,0.05416001786443198,0.0008975707091980113,0.7586463888994067,0.14695230159861625,0.02083427516139862,0.01850944576694832
0,1.7359223869613856,0.14670716586218716,0.20922772151838676,0.15432801808210264,0.01500372628115197,0.4452324711598239,0.20372847899112506,0.1228612738973857,0.05884603158841066
0,1.1887029496377552,0.07148163137750034,0.5653655966626456,0.24888141689743856,0.04020219105523473,0.45928356721522634,0.16775160330720734,0.07355205168866867,0.010329169836224407
0,1.2867835826184932,0.04561215996823291,0.46188976244952107,0.12773930497186428,0.000558682450161321,0.5484949568379709,0.20721435953113276,0.06935805618278593,0.04663464002608474
0,0.4485202801507594,0.23781814595820952,0.32910865913789106,0.0342866321379369,0.055625434582694866,0.5659059438452293,0.2865417363405451,0.013620600409689947,0.044019652683903975
0,0.8088896832810699,0.061672995119458014,0.1601818596740581,0.08269543436261244,0.008570372336707032,0.6689176679315492,0.16832696546490203,0.03643876276756606,0.035050797136663286
0,1.2454745854191778,0.13252731331788414,0.47936031959120096,0.08056748953821016,0.01542261323158894,0.3121478555068685,0.4396498229175722,0.11520284783221237,0.0370093709735477
0,1.0095701403985076,0.22681481182868968,0.06812737903603636,0.1438988052016658,0.02208093620143215,0.41704729292685455,0.07717343967684492,0.2077892250408677,0.13201030095233493
1,1.0745198563706457,0.006733119934399589,0.07651538683043728,0.05883770153765629,0.03920580848210416,0.43050682514719785,0.32074307438567246,0.08090367611836988,0.06980291432899935
1,0.6396624209856395,0.08653928608718889,0.19319312619051743,0.016232565785764413,0.06431858357021074,0.7120225509670675,0.06384138699763518,0.10888635366176784,0.03469855901755443
0,0.8151091143675626,0.177474368913584,0.0783427086551941,0.106103803458289,0.04871452484440702,0.5523807427112518,0.16876233428442047,0.1068838353561743,0.01715475934545735
1,1.6525395733590873,0.06446296171309307,0.12557079874524663,0.33450992291280884,0.07094087613222687,0.15449015289953286,0.11754335252938136,0.25424762982861493,0.06826806569743506
0,1.5154443019473787,0.1933095477290238,0.26114466197223957,0.16349052662958688,0.05037107742755931,0.571249612955636,0.08322158630376827,0.0626418717991647,0.06902532488428502
1,1.0233415441441291,0.030887602913158573,0.12230222116810036,0.0445328159688128,0.05405605596293756,0.5193719514712112,0.3391914278886205,0.006372197520008797,0.03647555118840913
0,1.820011095162517,0.13558512603277922,0.0448097460876661,0.14697759479105504,0.03921212959949382,0.38477774879231913,0.24299780111774547,0.13009193242491043,0.055942793274476196
0,0.84732333686785,0.2840668213156682,0.11287852635471016,0.19357882498395934,0.02470158136840394,0.19134675732935053,0.4031927213936914,0.16118332610869296,0.025996788815901863
0,0.5517467262499848,0.06747650295885739,0.5202639081102894,0.18028188145791438,0.015822397115484672,0.45369472549702167,0.2965291042614338,0.03154040155510957,0.022131490113036
0,0.4,0.16779953472982928,0.3223289805712937,0.17930570630724982,0.05527610149480572,0.4497598476850657,0.10022792652352734,0.15079689282918796,0.06463352516016359
0,1.8711729109491415,0.12513613440716856,0.1519301296102902,0.14539721983179354,0.05705607302968974,0.3064057349683917,0.3714773737716053,0.08119476689446832,0.038468831504051344
0,0.980030330801815,0.11591828212035735,0.5719288957903691,0.16954017069873747,0.07345489927226066,0.37375993234347704,0.14684052518319815,0.11555393859977958,0.12085053390254721
0,1.5009260813949141,0.1979277422883118,0.44999272629841197,0.14345506041729786,0.09176375304439835,0.0983856003862012,0.5647783711334773,0.054426811262926984,0.04719040375569848
1,0.8886853216525568,0.14650808633166745,0.00037362849350355273,0.12093375385681408,0.04770205194273843,0.6199713963684041,0.056371402953669464,0.04818043027971266,0.10684096459866135
0,1.2205543874618021,0.19689351380040487,0.4691982558885201,0.16736232883396956,0.040852301599218904,0.265327903019288,0.4008747604530092,0.06319995309306493,0.06238275300144934
0,0.8434901002913664,0.09526526480158096,0.15511149793232762,0.08739695575533718,0.04967105175310851,0.5284564177028387,0.2903387445491599,0.02274584360580652,0.02139098663374928
0,2.30340147378874,0.005365882076130879,0.032540521653326084,0.23842187708552812,0.021104589451595494,0.42513313761912286,0.1674224155136538,0.11880537304029334,0.029112607289806306
0,1.5360228461137118,0.0588694738235111,0.0606559242117241,0.0803168002563802,0.03253312432571161,0.5548124430860379,0.1521170031391251,0.12501539628292258,0.05520523290982246
0,1.307172499778443,0.11822873067001294,0.17192998264534445,0.1984582572833499,0.0760145277064126,0.16009611040895702,0.41911421650762515,0.12862940682514767,0.01768748126850773
1,2.0136561974116893,0.14364900601293268,0.24934866592972238,0.11783995144319312,0.0031566526700964243,0.759581122699624,0.05023422116684291,0.05083325952865207,0.018354792491591516
0,1.1471408249972457,0.24311121082487158,0.20856373918749244,0.09346593883346808,0.04707078652343912,0.3784490203166455,0.27040827214489976,0.17477436703379107,0.035831615147756506
0,2.3060386763794987,0.26245313415455984,0.08197769325398575,0.13285732810206746,0.03000822301395798,0.48612441704918435,0.21354922201634804,0.10987874816500026,0.02758206165344202
0,1.2346648728236964,0.20996602399755646,0.14631711566739272,0.17141206850094573,0.0695676956629117,0.41067818767932535,0.19372561320843823,0.08547603277509697,0.0691404021732821
0,1.2561691737539853,0.25083833795894406,0.49730727468434294,0.038693382681921434,0.06343805787110736,0.6325897624328259,0.14443628619070942,0.10065345235510435,0.020189058468331418
0,0.7863205837978022,0.04468292078308513,0.4138482704677177,0.179320007569427,0.05099622804689017,0.4990003500825298,0.23916346432680816,0.007756702668650651,0.023763247305694134
0,1.0965693559401681,0.2357750558676706,0.3367446791889512,0.05979416562319968,0.005804641251178046,0.5491559568347727,0.2525792566648342,0.09073422412747006,0.041931755498545324
0,0.9237270474520185,0.14835804664551405,7.622128596151966e-06,0.21372912193081708,0.062083698900865264,0.3294514289285535,0.21441125967072394,0.1474955832655601,0.032828907303480155
0,0.5096311358913698,0.0477707356310223,0.14985497248827728,0.1911537268479635,0.024105271520278027,0.11116248854609195,0.42140742557470623,0.18014495329718455,0.07202613421377582
0,1.280190108487743,0.06865714239286644,0.5852441051446,0.27591827772313315,0.028445824919205248,0.1408884080189055,0.2760690145211953,0.2159169677906812,0.06276150702687973
0,1.5280607474756729,0.18591027968666382,0.06436222110308255,0.12217843183351197,0.02225234885402507,0.6003484948109112,0.1907058021513396,0.023662275090460736,0.04085264725975128
0,1.0345676137644082,0.16275113112501405,0.32245811983099487,0.11267603856208838,0.0380680765540372,0.544548709142487,0.21958671359228127,0.06437065041516446,0.02074981173394168
0,0.8411938655897524,0.15704897839204443,0.43686060898728024,0.1602065749199624,0.03191527618140839,0.08187872003441939,0.4175917753530293,0.2713293935180096,0.037078259993170846
1,1.2273425479928974,0.21413342189845957,0.06366467639531882,0.09780753909333191,0.1524566344316195,0.4331230450856258,0.20447349088330752,0.05020493060108474,0.06193435990503055
1,1.1972954290817186,0.15605967394889567,0.06772732302719764,0.203362738562162,0.0948777902388673,0.2629997555214933,0.27356871270878425,0.14894332960721016,0.01624767336148305
0,1.2129959655275577,0.09283912554057316,0.3038216121400485,0.21695392797019622,0.016197770330415924,0.5095796554553975,0.08798967310622889,0.15550493775378488,0.01377403538397639
0,1.585489490982499,0.1241878188724202,0.2585209994413764,0.03821460392709743,0.022731644486962615,0.47306262292941925,0.3568335894078955,0.04675233809337025,0.06240520115525488
0,1.2102820984427602,0.1829909251535699,0.5199234642676082,0.22272297265496535,0.06049659764539625,0.34173068948530666,0.2032897345515766,0.14182167077013885,0.02993833489261628
0,1.1836479996812488,0.0641768343181957,0.326241508821325,0.12195804865655245,0.02845142633931396,0.44199255735211196,0.28483444776730144,0.10004570052397048,0.0227178193607497
0,1.230227013008749,0.13298181773108142,0.0318128662143806,0.12021159072714373,0.05044079255323068,0.5028832719520375,0.28870054250046867,0.01634440273012571,0.0214193995369937
0,0.8484681592114008,0.12644842758163635,0.5942659118848619,0.18226139597463334,0.05754938158413655,0.4678501881546621,0.0662685852388679,0.15997614583163197,0.06609430321606817
0,1.0832106991561625,0.2405278058000665,0.38124349190627915,0.09445478640372079,0.03466541498591318,0.519380409549315,0.2143130234488703,0.11667000263367204,0.020516362978508815
0,0.8521240706888034,0.1861501722760718,0.07081393851766793,0.21139947316388136,0.08309879962423451,0.3718213308258462,0.154379264373869,0.1493261528884894,0.02997497912367937
1,2.7811730259410172,0.28285511061968693,0.5371781075962284,0.11570572274922043,0.06958059490600547,0.5118672287380669,0.06784602894432905,0.1850415100670409,0.04995891459533708
1,0.6240203541019711,0.12989094430667378,0.0656517146088298,0.016014524306264717,0.017394902987444495,0.6690164518625789,0.08416266940806723,0.15761482343543837,0.05579662800020637
0,1.4742854416738962,0.08363129159629885,0.37028911038042084,0.08010216059998183,0.06387588016267538,0.38257841538336496,0.262952708334262,0.1684008999320293,0.042089935587686735
0,0.9472985406498208,0.21236088766430597,0.563184366759593,0.055446557096935245,0.012562649779737053,0.4260802575554037,0.37253743243921905,0.045980241255067424,0.08739286187363751
0,1.5367890418436692,0.08766119862496172,0.4386934835946291,0.07084484407592528,0.05286596053080619,0.573166230876862,0.23217950461375284,0.06004753062128737,0.010895929281366202
0,0.6481278046245998,0.14998213468134727,0.43359437099498604,0.1908059627668287,0.026078162891164627,0.41849971930291097,0.22828005420004857,0.12317936724780408,0.013156733591243159
0,1.0782295252107121,0.29157612124877214,0.07607704795351429,0.04195202590805501,0.007803131384482687,0.6875670997046119,0.19353817985961227,0.04956866543792972,0.01957089770530836
0,1.8435884794014519,0.07874726490880989,0.40064907340718964,0.05405436164177595,0.0707704232274948,0.42763202257048527,0.28677896612664083,0.11360540779571718,0.04715881863788606
0,0.6239862409993123,0.09440271880872499,0.5779130088454891,0.041147141801756194,0.043504109577109436,0.32568232782008577,0.35086573105290025,0.14487079325673705,0.0939298964914113
0,1.1833394052133834,0.22840719261816975,0.42843453075445986,0.07458205504310471,0.021127904858664903,0.5158029983298653,0.3518723804473024,0.026634730799945078,0.009979930521117453
0,0.49196952008850603,0.016412825905778805,0.39443593673832683,0.14397282064893008,0.0042355382177661285,0.24376808547266873,0.44858544281779006,0.047599285252939556,0.1118388275899055
0,1.4105954473723203,0.012906051849318256,0.03806055504880219,0.23007447424732339,0.03804819656355217,0.2940207101094097,0.1343783369357706,0.22304983122165026,0.08042845092229389
0,1.4813061951803617,0.2256740224182964,0.4819759013755621,0.1845598349949639,0.033039411642320465,0.42664286891201175,0.24340997006903148,0.0920163194122226,0.020331594969449873
0,1.0559448985628048,0.06187797096129955,0.591690366874693,0.15105157876885345,0.03562529265154522,0.4077359712588025,0.28507630132510564,0.07836532386826899,0.042145532127424244
1,2.60702824413025,0.12428753888642097,0.15814873579143165,0.024462257470755634,0.07872460151727015,0.41126084552930103,0.20119848210012362,0.20310309753342162,0.08125071584912796
0,0.8912287525682887,0.2312473743201791,0.5658429987945319,0.2053663266613751,0.03479596770044879,0.12117660994942958,0.4645417474432316,0.05978877803152804,0.11433057021398672
0,0.9758126520499363,0.13069783898471224,0.4345897573358624,0.07750705906478805,0.06637162475189813,0.20709645929740436,0.5298646607058142,0.0867209052091814,0.032439290970913866
0,1.2839366312611624,0.1817534522293126,0.5096241465684898,0.13639767415578186,0.01452036525422983,0.34238060904219025,0.31738585545735676,0.1703047081931554,0.01901078789728594
0,1.299028568183192,0.1125764258101568,0.4285282069103965,0.1808201886674822,0.05453463656845543,0.2395292909032871,0.3180142813186892,0.1677119357739172,0.03938966676816888
0,0.5973195579600259,0.20914022780991168,0.049937353446258534,0.23939337575002934,0.029592165980046468,0.2500889596748994,0.4113841252895783,0.05656242201883852,0.012978951286608063
1,1.2619048522816323,0.083026730989136,0.0938763136226023,0.11590204710465411,0.04800984565496549,0.08584913117615198,0.5918981432994651,0.10339036637357651,0.05495046639118683
0,1.9458877810938753,0.2098034342275579,0.1515023363175392,0.037314281505703414,0.030346475734059273,0.6290623740421132,0.20938623738499537,0.06357310313006868,0.030317528203059996
0,0.976503748287521,0.1339537535763525,0.045606042660764935,0.09442836160339373,0.025813201105578717,0.34991855181015535,0.3777183989218064,0.09588291121392721,0.056238575345138556
1,1.5508656376694177,0.08230801091878472,0.35906732340878833,0.30013224158357593,0.06712556095885575,0.2794820809383429,0.05843871948319803,0.25150008446143424,0.04332131257459314
0,0.8014126960240107,0.2917734935182024,0.15883011819176973,0.1289224401404168,0.012092226626662877,0.33813086070266496,0.3293615553213064,0.1584094925707189,0.03308342463823019
0,0.9731821143325157,0.22715157806889494,0.3085910691013309,0.1408308123269771,0.005446881845161522,0.7059058488573108,0.0894290414926728,0.032624771651713895,0.025762643826163834
0,2.6120028045452615,0.13388250417921477,0.3342260582514539,0.10490229064693087,0.055647424715499265,0.34597314870849427,0.359312531589294,0.06782376705145182,0.06634083728832987
0,2.1225341731001888,0.1035708434610015,0.37811116539281475,0.07911773566514213,0.05422049821990711,0.40298890621558503,0.24700724935481683,0.1406175879578234,0.07604802258672555
0,3.500934813690235,0.051820727564614845,0.054600999243280365,0.0602889622114082,0.03979271759794294,0.39717888022601205,0.3480024942041202,0.12307204213889986,0.03166490362161685
1,2.9809665081001095,0.027839309785154785,0.46231723810341746,0.20750699559921212,0.019192212695304692,0.6180553999818683,0.022965798626641092,0.10113698345843611,0.031142609638537634
0,1.9356287915774026,0.20957504445772507,0.2169630636402862,0.13368841817602878,0.04714715561797034,0.4185973613220068,0.31716957500458526,0.07715993598650639,0.00623755389290244
0,1.3290870878571301,0.2457599043984941,0.1362949424757166,0.14920122714774353,0.018277755510775803,0.565460149646453,0.19937978708981538,0.0336164064400057,0.03406467416520656
0,1.3734981679706726,0.09214454177336907,0.07643879565817883,0.08462920746648524,0.0563505777248421,0.3514740126391486,0.23619853461876236,0.19837250671544301,0.07297516083531863
0,0.6207156810706016,0.1571358122807294,0.4421818545709672,0.062296117166121864,0.019762308539991537,0.4828249068769573,0.28765518068274487,0.09305234263390594,0.05440914410027848
0,0.7985263994916723,0.2352256665535397,0.4187382783102247,0.1748648519274286,0.04740277878175882,0.3059752632074783,0.36523129088856493,0.09922704885808238,0.0072987663366870775
0,1.5299582464061479,0.07704912164405932,0.16956325753973206,0.16592444296255138,0.03973822681445503,0.4386414457185411,0.18241811683427417,0.16398133506199714,0.009296432608181276
0,1.003650162129046,0.028190567828576082,0.5363933158974068,0.13328022269142745,0.0214247655267283,0.33059325496102415,0.1602545421926756,0.268448631827483,0.08599858280066151
0,0.7145915794786389,0.24273804001951793,0.3996907889730687,0.26920744798306906,0.08235649273279551,0.2353026890662809,0.18333416670797487,0.2074628213511806,0.022336382158698896
0,0.5189221146454205,0.14792602629209692,0.2207325970827956,0.018194044651664146,0.04870830387325368,0.45637026455168483,0.4112044466803361,0.022907774448614852,0.04261516579444619
0,0.9792232262941044,0.18345795691734185,0.40409183131116916,0.12459496604383878,0.03552617306703418,0.5893152740973107,0.12449991447614145,0.06953199961783087,0.056531672697844114
0,1.3076157413599598,0.15720620405359473,0.46887070992418234,0.08768010200243384,0.033508200341965284,0.5080904692747825,0.20483389754989523,0.15252044309474494,0.013366887736178118
0,0.839526676072943,0.145407551575015,0.11988169849349277,0.046864758907948,0.05665307947584853,0.6217290141920641,0.2253147913559737,0.02781170646729477,0.021626649600870983
0,1.8930198007657313,0.11399886357145753,0.36420459245484127,0.05651451784237593,0.07719495029505617,0.29573871100737487,0.3061971387070141,0.18767820162526094,0.0766764805229181
0,1.5572110439125697,0.21823706266152593,0.42168408515914946,0.1794620086748072,0.04469352950051333,0.10086565557598727,0.5309134269841803,0.061316788894846055,0.08274859036966599
0,1.570555935268147,0.24784645494446206,0.4767663388220881,0.1634875378908395,0.03914962663986611,0.5306739820162383,0.1848896664596502,0.04318480106488917,0.038614385928516654
0,1.2872820993687293,0.28142599093447423,0.04419758994745353,0.16708946051673532,0.06584796833754977,0.20176573551275848,0.480189708396354,0.06987932882054872,0.01522779841605364
0,0.8344040117167224,0.2899617722900167,0.2770750126199828,0.19651675879419972,0.009793725497129757,0.22050831990175848,0.3667692673880264,0.14044275593861058,0.06596917248027487
0,1.9317360875915854,0.09489519103140627,0.5204707008902729,0.23403852615939122,0.06456842859055144,0.06965619497306659,0.3346560264644964,0.2092707154004092,0.08781010841208516
1,1.3102467437132366,0.15092939425692,0.11106464607603506,0.016245172472786756,0.0667338855353809,0.5569351644050061,0.3206531253212608,0.024826712962500212,0.014605939303064974
0,1.021522636691259,0.22418407156027967,0.14577789022726267,0.11253962170850482,0.035595889108709,0.36312427676656933,0.3316436328099849,0.11584187632423545,0.04125470328199648
0,2.006958021108867,0.2798739285343849,0.5246813587069334,0.10482337382985468,0.0042219369947190015,0.4254074390573446,0.26620353376447725,0.13916846499599148,0.06017525135761306
0,1.5141273297091122,0.03805958188606373,0.2353559332769909,0.16964829294817568,0.053786942501727705,0.34821782341318674,0.26402482018883316,0.11617757951621142,0.04814454143186551
0,1.0208075003614523,0.2857557117881608,0.42061209179765524,0.25655197225929804,0.07371187431811001,0.06694903475468053,0.5005318261286096,0.05078377403699458,0.051471518502307426
0,1.5817237536944937,0.286304818565041,0.45662823693655447,0.17817484132908512,0.016027418233495287,0.3074299494353566,0.44000777602826785,0.02396644211014692,0.034393572863648046
0,1.9503838943237537,0.003531897602320788,0.542875714077925,0.2086381554397987,0.02500469144436175,0.2297203988411321,0.4149744018606182,0.0710219888603469,0.050640363553742344
0,1.2513666794305633,0.2514670409133808,0.5004230836008878,0.09328259265342098,0.03555734004057785,0.4815123457742976,0.2674224881182511,0.07852876399934257,0.04369646941411001
0,1.2956972620678098,0.021560129080780054,0.5537903275537412,0.01571571264665326,0.008433462207496308,0.4893420342423586,0.324424356179783,0.14514826734641215,0.01693616737729656
0,1.4025677085020334,0.23825787723063777,0.5411092553431678,0.11600686327300702,0.04073413396678429,0.36022578405800576,0.3999773536931307,0.04160869476981602,0.0414471702392563
0,0.80002130263136,0.2918847964017684,0.03464306120432594,0.03857997577444178,0.004534831904804115,0.6622207359752674,0.14548292305073937,0.12902186718568098,0.0201596661090663
1,2.4149190045863564,0.127161357037839,0.12300125172742694,0.2998420698551007,8.832502920236597e-05,0.5293655457865067,0.036494516716262373,0.09332865514032956,0.04088088747259824
0,1.1226402658067003,0.005686051035453076,0.043921591366918596,0.1625780246008232,0.058434087172868084,0.4418939452199259,0.1922713772968565,0.07715095381789892,0.0676716118916274
0,3.5825469593878174,0.28071985362836255,0.3249055478385258,0.11303212057120604,0.046149950904620686,0.48459486842537414,0.2888648440172479,0.045640925130656415,0.021717290950894953
0,1.0831358565239158,0.000451928730480311,0.05460023257203987,0.248525325490197,0.04528076452908753,0.36054860658296456,0.11556580680243285,0.13624740870437718,0.09383208789094084
0,1.0610156819225656,0.20866163862683512,0.4862083694118666,0.22293001466158335,0.07715028698613774,0.21465731597970217,0.2946869423621105,0.11135234506164779,0.07922309494881848
0,1.7421936694982225,0.2711969805389924,0.19883227288564537,0.16519447439388152,0.005431661794875434,0.4833390167576148,0.2179200311499174,0.06941886619378924,0.05869594970992158
0,1.055856116265852,0.08926195648295514,0.25662170662994294,0.19775427755757843,0.061616155990191955,0.27293943449326397,0.40104267768061197,0.048055806395065896,0.018591647883287824
0,2.484713880372615,0.12030161452918069,0.2856006670304097,0.11087447446590236,0.012052738808170293,0.4711911709706049,0.32730356362691004,0.03396239373000137,0.04461565839841116
0,1.0055243382181516,0.08308582175774769,0.472787473908331,0.19977048084832771,0.00601410290570903,0.5906578587141007,0.14385369138168247,0.051192042681650965,0.00851182346852922
0,0.7339458981261353,0.15119405948970283,0.34323662646936826,0.04042039342813309,0.04177537689468539,0.4594855465227184,0.32120495346625355,0.10303048191215208,0.034083247776057535
0,0.8390311975452788,0.06312997966167422,0.352003799012634,0.145224815705363,0.013261097516861423,0.4825268972373296,0.2650518596110664,0.06244035274595761,0.03149497718342202
0,2.308396020307575,0.17922290380581501,0.3245028491833095,0.18949699791313818,0.01798961157401667,0.4082506735411469,0.300525474708098,0.03496784473779004,0.04876939752581015
0,0.4,0.23009761359366784,0.04385621235539707,0.13181378732485005,0.02521190826044578,0.40761536919911817,0.27508789598561384,0.14765067354195874,0.012620365688013446
1,1.1712996394289923,0.15726462200327665,0.0844977492656763,0.2729998587291231,0.059314422664849126,0.26079307109938465,0.3618843966901224,0.03103769072287074,0.013970560093649909
0,0.8549108657620585,0.2080693753378286,0.1353586609992211,0.1469479447473533,0.027508771819478667,0.3872209661162595,0.28938424014080605,0.12312947748228266,0.025808599693819698
1,2.2019177002120784,0.15996315481537304,0.36273725916751026,0.20578478310627968,0.06384003264183326,0.5966639036554416,0.029079007012081957,0.027061869118828664,0.07757040446553477
0,2.404230601573738,0.16745044548213164,0.5006773464443556,0.1727039418683355,0.04961314962572112,0.27000240441367707,0.37319550803027896,0.09317627657870756,0.04130871948327985
0,0.9077225663386683,0.20628352019619936,0.25130955467264376,0.02441252125306028,0.0897940959254423,0.4374485971414939,0.22748927287212353,0.18331216384945037,0.03754334895842951
0,1.6512927062996776,0.14634045483865174,0.2903172149470832,0.1385100351186382,0.03270852033394121,0.5019654839453963,0.1525254088720259,0.12250442501187545,0.051786126718123035
1,1.889593808435499,0.2496251770496935,0.3420168423909417,0.3543374304371628,0.08864777540848974,0.1738032981534289,0.12812071568580155,0.112976797146608,0.14211398316850907
0,1.0109142111438338,0.13863067128710468,0.13586552862643028,0.13718423421352977,0.022238625822179274,0.5478920444064801,0.21626494999454957,0.057606852590711737,0.018813292972549578
0,1.466846393858332,0.22906608297340056,0.586939008311315,0.23634928401888033,0.047695006130595914,0.33370004576927875,0.2518569113671471,0.11116613555810344,0.019232617155994433
0,1.0806794461768838,0.08971046571516754,0.098725440123911,0.0520673794895595,0.012871193468260293,0.45564877611159177,0.31705263696986463,0.12392271482757332,0.03843729913315048
0,1.1196030739190181,0.17105098899511037,0.46356709093316617,0.26699142467300874,0.06279953057182132,0.15128301834982222,0.4311360754006494,0.06132557489791216,0.026464376106786064
0,1.3743098078453566,0.2520494868579926,0.20173661202212417,0.2931849274715904,0.013658276126011986,0.25987171596906666,0.17566522114627162,0.15589443033042671,0.1017254289566326
0,1.3957342869744473,0.25336155206305766,0.3058608509301348,0.06418031277410165,0.01871717815985352,0.6686031442231684,0.08936922521616454,0.08053409259983886,0.07859604702687313
1,1.0569513258101204,0.04299182956004592,0.24915192464641236,0.43404181728655383,0.0625828953316278,0.09807636544682886,0.1441089959466324,0.13557686095713367,0.1256130650312233
0,0.9458615409708728,0.13430109533071882,0.07584219089356034,0.16508259243086468,0.004710212543437703,0.5694062946677775,0.10310229777967152,0.09967781044365326,0.05802079213459537
0,1.7230390776434938,0.04766855903885224,0.45791673707686636,0.1791689359272083,0.037531155146287236,0.5115010926165113,0.1698650064068789,0.08707485131755298,0.014858958585561353
0,0.5651001394019475,0.18683387938277388,0.3699743711893981,0.2533987567263132,0.04234998552539174,0.2563056747314887,0.3717911192806842,0.05398347004477137,0.022170993691350848
0,0.7685872071158235,0.27341596928058315,0.016601290463058183,0.20528673498256184,0.02678193057229509,0.14208392606270884,0.36291513703377953,0.1886870095047838,0.074245261843871
1,2.1502996015559903,0.006047561678533098,0.2630398147161257,0.2234693743259461,0.10019668749041659,0.3639090727135617,0.10126495105897439,0.1596159197929519,0.05154399461814926
1,2.39800578267992,0.29036337455529077,0.2791847038724104,0.24781469245296026,0.08001823423600812,0.49895271462259794,0.035652717991189915,0.11152497462287393,0.026036666074369816
1,1.7378524323416222,0.25635508505410276,0.04724735764173353,0.23042055967618977,0.07878642210724164,0.16440482567151918,0.3256640654201405,0.1354965402874562,0.06522758683745272
0,0.9593337464481455,0.013000534436983402,0.5231040903123635,0.20908536669992583,0.07868266811738783,0.15135980568542493,0.49887196774257847,0.015709138579308172,0.04629105317537463
0,0.4,0.22532537483554513,0.060480610112739995,0.14138530817531944,0.02248892223094725,0.11619873023376429,0.4793307616792603,0.20630331118963408,0.03429296649107471
0,1.2902244526841211,0.15176852342151073,0.2538533962869001,0.06995421705673943,0.05799111380583478,0.5764037034918955,0.16971572324594988,0.09680830885624615,0.02912693354333418
0,1.5323893733017866,0.21652259641631721,0.08770872555375227,0.053540013436239466,0.008769914511168531,0.4149811462195219,0.378197186683269,0.11087672927207208,0.03363500987772909
0,1.9040795255463574,0.15783552470836684,0.2991835451599046,0.1410844524986051,0.08596382604545504,0.21858765408174324,0.3737854073891453,0.07085168932937856,0.10972697065567288
1,1.6483856653516598,0.21237492762612112,0.16466536403191237,0.26791691978780946,0.01320694303822947,0.518909381546459,0.04179779809360191,0.14518036530992207,0.012988592223978003
0,1.3658024932312283,0.005384120162472272,0.2106971757134897,0.1396770959718751,0.026520989423048823,0.5885351847525453,0.13474266903051815,0.07095470705233024,0.039569353769682375
1,1.084746539617932,0.058151318787516545,0.4985604087474335,0.24646434252814894,0.10168071558221198,0.33740664225361433,0.04905042559438998,0.13359594755522486,0.13180192648641004
0,2.45235430674811,0.13125563687390898,0.4413515977000933,0.22443795949001372,0.005325411106996287,0.18704608963751795,0.3351301042577054,0.1667301002161375,0.08133033529162899
0,2.3657334690248053,0.233726939602923,0.45648456691019046,0.19563199873163573,0.05314430292191243,0.5024492337911417,0.10209641281996945,0.12254276240994665,0.024135289325394004
1,0.4,0.017251593327930925,0.1669262225699647,0.4079213613932583,0.003769517922837567,0.19365597516412056,0.21480856614997343,0.16305203675560936,0.016792542614200823
0,0.9584583833445024,0.20856808090083012,0.3425483728977992,0.07061069692823087,0.03505177814299597,0.4871823139126413,0.2927135417493904,0.0830715772208819,0.03137009204585955
1,1.1614009538808339,0.07900810328883559,0.07664287592203407,0.2196806321133829,0.05061601050555156,0.2524497876066235,0.2908612732315409,0.16917173729728058,0.017220559245620753
1,1.8545771008140952,0.016718625441205504,0.04915296000272151,0.2627710799612874,0.10950376691281472,0.3454355545757156,0.09889002340902166,0.09524776596156935,0.08815180917959117
0,0.8059791066797726,0.15497189876155543,0.15237484846775434,0.09341821587901646,0.035630687704053955,0.44416662322167727,0.276006272727333,0.10846879396702143,0.042309406500898025
1,2.5884226301393753,0.15411149957179582,0.07923960343575616,0.04116862088979081,0.04555169041606757,0.598140473501666,0.23031729365302264,0.06591442416130057,0.01890749737815237
0,2.250415328261563,0.2142515107049335,0.4752913989020762,0.07162508471736828,0.0036116637534682554,0.554902087723818,0.2494226382896075,0.0811307346469852,0.039307790868752794
0,1.0330679604996145,0.2260910135078163,0.11487126312380835,0.15684487743453798,0.014375643064781486,0.4928499418401223,0.16686876605886994,0.13252971355086257,0.03653105805082577
0,2.1517762262643423,0.1538269245446396,0.45041249944098105,0.24310014410398445,0.003706902787166589,0.08626040897564194,0.24892279406248113,0.26429877842711325,0.1537109716436125
1,1.3817269164899755,0.015201079807822815,0.3585166067256109,0.41797777229304,0.09640093019919577,0.2783109456464631,0.10862633824291026,0.05253369728439709,0.04615031633399375
0,1.1515109737684388,0.1202185610069442,0.43886440774255775,0.13943466323653003,0.05230293265236182,0.4447604156514581,0.21561802479184317,0.13969426212020236,0.008189701547604606
0,0.5919030737884227,0.14675601811661557,0.4009887410991989,0.03731122093192696,0.06336607347058709,0.7710393656647864,0.07149086710155901,0.03738855276863842,0.01940392006250198
0,0.5286777818135449,0.25272920149349765,0.5811614478824086,0.23330167433615415,0.04764962679951821,0.14146037035203196,0.4162374554484639,0.10781864902122011,0.05353222404261165
0,1.339515820062191,0.06767823009014036,0.08045578677016178,0.12065179051876707,0.08357896758927721,0.45282294642765586,0.12554288789410692,0.1877402853723119,0.029663122197881003
0,1.6646666405167196,0.17547436356419208,0.3388377243134837,0.1634906733401078,0.021681619244376265,0.1019988897772447,0.4374105872484669,0.20659452423828176,0.06882370615152264
1,0.6051319913093863,0.26549010945971635,0.06949006848488144,0.20710343408267798,0.008005405080094466,0.20434827898752023,0.5243720720042682,0.029619211174196036,0.026551598671243157
0,1.1718035093946257,0.2780255105065365,0.5318135211516194,0.12582834526669712,0.007819699420976732,0.11255608245036283,0.30428357152038366,0.3104228357125584,0.13908946562902108
0,2.255037432793489,0.07244934604010148,0.5181734659414012,0.10435820828545987,0.014229005154736917,0.41315599311128814,0.22666644280857579,0.1610348098975934,0.080555540742346
0,1.4964656154883125,0.22162616541676639,0.4801622156228774,0.228279338967578,0.04852646357919292,0.24326267495806206,0.2797259912379879,0.1150557476203356,0.08514978363684345
0,0.7566215369765115,0.2368209140726697,0.5801502855283469,0.019510283525599987,0.01008170293134204,0.5913690161756117,0.34148344383883644,0.009269076402828926,0.028286477125780793
0,0.7333183720483468,0.19472530998803944,0.32429093606279313,0.071770027978936,0.03178087300524501,0.43553049529239796,0.3063464824988493,0.11166589851961982,0.04290622270495189
1,1.01036646230643,0.14686419089973043,0.10863484906981657,0.01817867046188894,0.04940247227025755,0.5005250365386039,0.33909479695308714,0.05881197639659669,0.03398704737956579
0,2.3442650975605184,0.23366907028685302,0.5638571825346027,0.07434633337696536,0.005153559507938987,0.4867291156234774,0.3026510337178666,0.11912902404923643,0.011990933724515143
0,0.7360775742111699,0.03362497313215491,0.5734981241782773,0.18783473244343568,0.05373741288622619,0.3030866422934962,0.38705919804662886,0.05035413041479252,0.017927883915420547
0,0.738442277218281,0.15430664019543763,0.319008034464563,0.16757298631654016,0.10129679593623046,0.4990572587238774,0.08205659682264675,0.11082790184742712,0.03918846035327811
1,1.9618442903529507,0.266207927244667,0.25792685516745273,0.3226733721063661,0.0455730609609589,0.27474490839128324,0.24584748470928966,0.03865872802874035,0.07250244580336188
0,2.201512582459205,0.0791667218765309,0.41385860754936304,0.05261355937326193,0.053846961190960135,0.37340999449611845,0.47984420100953834,0.01696495004559679,0.02332033388452449
0,0.9511261903274294,0.1541253268590598,0.16893580018432094,0.22629485063136845,0.021314635729554297,0.19241758270790407,0.30444095241926233,0.20416121155658748,0.05137076695532346
1,2.943786817270659,0.0074976144286108435,0.35046828032283045,0.01957966264017053,0.05745253619629395,0.36563725323056934,0.2935742836400141,0.1886944023548696,0.07506186193808254
1,0.4,0.27886932648658785,0.3962802335855397,0.03845279128195744,0.08815977116084145,0.4827696867341446,0.28225419236658267,0.033101424015019344,0.07526213444145435
0,1.2121878122704077,0.10964357916936816,0.27221421248611904,0.12895908024208558,0.010839114545896224,0.31879640199094056,0.4551251250931049,0.06620200085261035,0.020078277275362415
0,1.515253488133204,0.0689302766658461,0.5266050086408534,0.1359334283241666,0.045648805168445224,0.6491779533019167,0.13603467658837967,0.007680036650492496,0.02552509996659944
0,0.8695504962148148,0.05169836863206146,0.3151563465369555,0.11394218829223891,0.08853793354567617,0.20673244631999332,0.36220633380863765,0.15987733261673046,0.0687037654167234
0,1.7155143771498471,0.2623282917335906,0.12584000939209775,0.028039376426121032,0.0658465344724635,0.708349585234257,0.13702710770491305,0.048044856837111176,0.01269253932513424
0,0.4,0.020502287247606353,0.04836306356858355,0.1336314357735177,0.002021149399684166,0.36717129146286176,0.34034488004785274,0.14707940577131606,0.009751837544767503
0,1.822069051127051,0.03913688536838963,0.42497804514169846,0.11463479029924906,0.057310771239978756,0.5429760311569263,0.21616261296246556,0.025574381587997224,0.043341412753383095
1,1.9037152252864522,0.1915057248156401,0.010937061109749902,0.0711394475136323,0.024504108092942456,0.736778452346444,0.06708852176206753,0.06969959111237908,0.030789879172534503
0,0.7143566099084584,0.1512724058089063,0.12927005691548307,0.10333943134501303,0.06594410251977269,0.2848545320577149,0.3263389980925072,0.19243703980198582,0.02708589618300625
0,0.9088538516583284,0.22725744831562855,0.04919478942738926,0.22611983570094316,0.05408760469979423,0.09783247929373358,0.41126415823798457,0.1945251813584911,0.01617074070905337
0,2.042835500507429,0.1656640170004644,0.3483330717474344,0.049339723602275225,0.021042149963397483,0.49626218883000905,0.20250857106742637,0.16896942970981946,0.061877936827072356
1,0.9969493751397167,0.1486569805886969,0.03314219003794467,0.36860858618259346,0.04106295022795496,0.08095683084678057,0.05316084049894459,0.40897578389743156,0.047235008346294856
0,0.8475686926012469,0.046921532455803217,0.20182780416045829,0.06740958347934342,0.03295791674495034,0.5168159705472265,0.32255117522347143,0.030585462132719773,0.029679891872288516
1,1.5710879871426324,0.052386999260568355,0.12436582737717403,0.29552677193931787,0.0609057997482212,0.30766350067412634,0.20789380590560985,0.10371389185023205,0.024296229882492727
1,2.297179761495668,0.1899489402101532,0.38113098944863616,0.3309380295907881,0.0828105557614693,0.12120669996552419,0.26644597429410627,0.0776666434490817,0.12093209693903033
0,1.6345596875137987,0.2851938799982945,0.29442112781610885,0.04817833720160918,0.05770686039079935,0.7400220157277305,0.07288888762778424,0.0650700295693914,0.016133869482685383
0,2.5419609464762045,0.29199803843300526,0.018641490710173913,0.11863769055480165,0.08378054878313936,0.33932587016088933,0.14966106275721952,0.26360694915787647,0.04498787858607371
0,1.7124124704637689,0.2488905732535077,0.5653870795777023,0.1684928643918984,0.02259962528121496,0.2923529353705417,0.41103287159082774,0.05611750436389462,0.04940419900162236
0,2.9936583805407113,0.24881599067535537,0.3890595676078205,0.12286813762348708,0.02019366447723598,0.3003014645618821,0.42515120655507516,0.0634582299450301,0.06802729683728959
0,1.5821199214745558,0.12360765734496675,0.5477731079115863,0.06087395213641539,0.0036192213750086298,0.6889782578957565,0.046855186122305104,0.12873593251470195,0.0709374499558124
0,1.8977990551009212,0.14385364130732314,0.5746272846980598,0.03345638441317134,0.08144922704251424,0.44506583504199654,0.3652850208311235,0.025795506882297665,0.04894802578889666
0,1.0349896689427533,0.18332176836108965,0.2109505602711568,0.1853290569901055,0.06595297276431876,0.4390202960356354,0.17552456835957975,0.10190764387439964,0.03226546197596094
0,1.5687507498292035,0.24179241885629105,0.35997681293894795,0.14099357143971067,0.04632703234471348,0.49823250512757833,0.07504903340327547,0.20556055726773667,0.03383730041698541
0,0.9816486830739992,0.1745500787099338,0.32993106324601784,0.21033121907650296,0.006542977623868639,0.4453184728639231,0.160400976837566,0.12075137824561301,0.05665497535252627
0,0.8340351265935197,0.2742358969327146,0.4940871967388543,0.10666349923321461,0.056806510029758034,0.36211561734729275,0.13118004576899447,0.2710085329040883,0.07222579471665186
0,0.4,0.19880230231015592,0.18263225153473145,0.18346862282857845,0.0034395615588318504,0.46230823922295494,0.15753703676048122,0.1592925796680013,0.0339539599611522
1,0.9262992233796465,0.007638403347141764,0.34500233812780196,0.0638806880166097,0.08214653126104599,0.39122086097436365,0.2763048047864707,0.14034086956030772,0.04610624540120235
1,0.7578306626270814,0.045840344523875844,0.030943690519391408,0.08485528190434682,0.04085944660877818,0.5209978748156203,0.2827348773688113,0.010692245712476331,0.05986027358996702
0,1.6479991701255714,0.27203385267801855,0.4364109467762014,0.06678375383112692,0.044827814110754996,0.5784011276391776,0.17794443251349815,0.031846755079008957,0.1001961168264334
0,1.262374586803978,0.15634686823097438,0.48477524017661566,0.05244157891271656,0.04345990902278942,0.4464724178283134,0.3054272088385097,0.09189532167037956,0.06030356372729137
0,0.7467371017705,0.26243614670939164,0.22415461086805538,0.17486969405334968,0.056453846440826426,0.4381813910452767,0.1795303421822591,0.09979262028846479,0.05117210598982329
0,1.35213157511663,0.23388207481201154,0.5259500788385127,0.2636359360393517,0.009577397211705436,0.18786430509825017,0.3975037986123626,0.018639937349104917,0.12277862568922523
0,2.1812103236809386,0.18974354359099974,0.03546260010467026,0.09605410151705022,0.049254958340000835,0.5057924276672452,0.18927750691779546,0.08918531137714325,0.070435694180765
1,1.0582756648224518,0.09836834689735778,0.2384860514626911,0.033357194657774425,0.02519740161850108,0.7291727565850645,0.043693961001123084,0.14960226606135227,0.018976420076184695
1,2.5584096151958446,0.25340570558997316,0.10449572575119033,0.039374658671883306,0.02897012500116421,0.49838387362681646,0.3270678666626422,0.07081438147076444,0.03538909456672936
0,1.3313687948449142,0.19759457933888394,0.49719377657710584,0.10072616350898388,0.056020448340569524,0.4361669889027678,0.2899076851872715,0.05098385965127728,0.0661948544091301
0,1.1841612015794016,0.21287627483667773,0.5270255721926999,0.11183468651597225,0.017901284908369428,0.2996938404634427,0.5288223904855192,0.0306250150653982,0.011122782561298268
0,1.5077176271856794,0.07527915358066764,0.029447025233054844,0.09810365908942785,0.04579216345110977,0.5037608453686132,0.17511795116999151,0.12547768750582908,0.05174769341502863
0,1.9893585662972266,0.058944661695192434,0.038022077653695564,0.12174860547362652,0.0743764064613673,0.4414164926222413,0.0969888991749625,0.19709969085779194,0.06836990541001055
1,1.6383822936558934,0.09458769444869314,0.20880369354568828,0.016553617081976325,0.00249237712237009,0.8265096909336285,0.03639924624690497,0.03034946942683886,0.0876955991882814
1,1.6469715162988572,0.12124323789855854,0.23894308244721066,0.34479630820159546,0.07254507560963099,0.16252085727359925,0.2584963306373148,0.1179144856941731,0.04372694258368638
0,0.6665520304772234,0.16628422666807913,0.2918349341090692,0.20602445950747766,0.07113287416906072,0.09902966019212772,0.40033103283166704,0.1805965004767736,0.042885472822893296
0,2.3754016590723883,0.09015121710608388,0.4179214599677822,0.03687117054704174,0.06141884714407591,0.5278740507810044,0.19280392711136882,0.1395380609112623,0.04149394350524675
0,2.3848129389188983,0.0038141019095963343,0.536558809167898,0.12830237015408605,0.011472479993864942,0.34460079004418337,0.2989113505197443,0.1639890625000109,0.05272394678811042
0,0.56353581051596,0.14495231414485063,0.46950970379972445,0.057911067354526204,0.04640570287745532,0.5139713557143621,0.21649291468851267,0.12232683023184078,0.04289212913330288
0,1.2938546226105867,0.22914468172490166,0.32163564811049544,0.03166905896049574,0.0007956304116485074,0.27702434598177056,0.4802740558605648,0.15511777973493376,0.05511912905058665
0,0.6787227775978646,0.19013018180384939,0.181132206221321,0.11218487510865648,0.07238885656834923,0.3120410000714433,0.3864998104480552,0.014093870744661662,0.10279158705883416
0,1.4927998613097133,0.12604977650699553,0.49515687582200396,0.3060574525914387,0.029492174296939698,0.5261739739316867,0.03237896333942352,0.03669094831166762,0.06920648752884373
0,1.5228434253937633,0.23433564699973491,0.5458893191515928,0.15942355217182597,0.03208870981215138,0.6676123297603569,0.054715042222913984,0.046771489134920616,0.03938887689783119
0,0.948105517335589,0.23745899666981748,0.4509523216915238,0.0950316231343607,0.045073800118736615,0.6082071773368896,0.2053435565601464,0.027644116949827584,0.018699725900039255
1,0.6084878108801919,0.1912160380877884,0.14192073142968603,0.04538066752598642,0.003937194620269499,0.6216967403474456,0.06740439791150062,0.246870282905882,0.014710716688915753
0,1.6159442884861717,0.18612338163395667,0.4836792988739209,0.2170546375556987,0.06177766663242426,0.3240390639661042,0.2266057365596114,0.13608925715207792,0.034433638134083434
0,0.5767462995791501,0.0850631855421357,0.017950929572843055,0.16735933915036535,0.03582108815662915,0.30984717538425344,0.36429560086364815,0.07706756298111778,0.045609233463986064
0,1.259535120581282,0.15020669417076657,0.3947820969265089,0.08384035636810108,0.012183451704061253,0.5829889594740616,0.21056946766269305,0.061214203306475645,0.049203561484607354
0,0.7844172175695683,0.1306351249114312,0.19467682993573557,0.1192829951906953,0.042000626693425275,0.38080209362969575,0.06830908993939384,0.3263229053959708,0.0632822891508192
1,2.2451703765086646,0.18353060832378995,0.14999682024720173,0.2971416720724081,0.046212088135855235,0.23594192768946406,0.06533090196965172,0.27645633646977263,0.07891707366284828
0,2.8405983999593944,0.19192736409806957,0.4222526140384805,0.1269104227119433,0.017420178009458543,0.4350269806223116,0.2003898312426018,0.16425536688513992,0.05599722052854492
1,1.2942621718700624,0.09649623610532479,0.17800076162135856,0.21432206446311405,0.1160237432168745,0.09943249200926438,0.3453757995566646,0.09297350847487568,0.13187239227920686
0,0.4710634467804612,0.04529833470672486,0.362947835005669,0.05801538420582517,0.033238419767126146,0.5329412930957623,0.28429143494668246,0.07644818264066588,0.01506528534393786
0,1.098898556477018,0.0006249754446966737,0.10521717732937609,0.16685149432837612,0.04108239713324197,0.4376606342868669,0.2661465794198798,0.07534113051821013,0.012917764313424927
0,1.0327277867229587,0.17858951643496573,0.29569874378964883,0.12537341176127448,0.06553823763443584,0.43116558571212216,0.18532446214974357,0.16588800698322456,0.026710295759199643
0,1.8346250912159454,0.050562732834389945,0.06710300306612131,0.1322505016813061,0.029411762585797103,0.31821755855322686,0.40666535288200345,0.04519050891888324,0.0682643153787832
0,1.0227701420976105,0.1741601985560217,0.5282218330184026,0.09985372378161857,0.009785054075333121,0.5672686807634869,0.05255842886283991,0.18521950118027908,0.08531461133644254
0,0.811294304120081,0.1163148077347361,0.595819184641219,0.1412627297904623,0.04738510584695072,0.6023180427062108,0.06752399677918669,0.10017846883936225,0.04133165603782723
0,1.9844019227365992,0.11986574308509304,0.03919873593377419,0.1428963475955041,0.03784087955480833,0.3923195017388433,0.27528313012768657,0.08899754577062378,0.06266259521253399
0,1.3117990251504077,0.057596107887100706,0.5182873452845689,0.05683603808933346,0.028846518907683746,0.5124914777009107,0.23454700133201084,0.11439665971283627,0.0528823042572251
1,0.8750743425260832,0.013180200255264752,0.18859464195083872,0.021009505776095762,0.05471035266035682,0.5446724182971135,0.30595341558546196,0.06094262213879073,0.012711685542181096
0,1.187624544765156,0.09142909571495587,0.08241832644188862,0.11309507284290421,0.0534815476561976,0.5500848339235076,0.17127055555492285,0.07488048676815585,0.037187503254311916
0,2.1243728162317637,0.01994901932913329,0.0360907621942169,0.1104783164863529,0.041907811901367574,0.5602982399128137,0.11626167686359636,0.12042467842607717,0.05062927640979236
0,1.454668114338276,0.14628133060237344,0.2681040411360752,0.12795521421365302,0.020603109175538283,0.7049527689786096,0.11027451983486534,0.028612191877015462,0.007602195920318365
0,1.1163299516551501,0.25237931086117965,0.17657023795890872,0.19539097902361272,0.02023021567004892,0.30436077484303853,0.2566991587132161,0.16752998295408975,0.05578888879599386
1,2.5797654264650722,0.2283843643329121,0.30577794917327306,0.011061010101550918,0.039884005578277086,0.5556056158762634,0.2277968132904946,0.12859327454503852,0.03705928060837556
0,1.557875274855963,0.16303851487894752,0.589232384658379,0.2795376125609481,0.026488775136217065,0.06186439020787544,0.5275632432778756,0.035518428061145066,0.0690275507559387
0,1.723871655101127,0.21187392697626345,0.31941102331280696,0.029255841847463757,0.042320463937842466,0.5387547050199337,0.28801473390664645,0.06183312392462467,0.03982113136348889
0,1.5433425903013864,0.06448301880417256,0.07560797674096228,0.10648356325951948,0.051273917813665415,0.4180598291345969,0.35467344621225844,0.026131857912435184,0.043377385667524526
0,1.155158288274587,0.2570238454102701,0.18325635246848362,0.03225833918177101,0.04343291520165622,0.4686504506683225,0.3082240822255528,0.09165193549482069,0.05578227722787673
1,1.3730488163387622,0.04079265704289884,0.09849859221890638,0.23443808097470673,0.04098612504438552,0.4439852425511891,0.06611403034939625,0.16951468373118186,0.04496183734914034
0,1.2411888984243655,0.20255701137785434,0.07372196208117866,0.14349634341520748,0.011409596556422803,0.34969157011430774,0.21138853960341955,0.1983428859519369,0.0856710643587056
0,1.836138491454466,0.2062450526259998,0.16366723909866288,0.12792552862871123,0.01924053577484318,0.14096469082354288,0.45435739784179935,0.19668506888846962,0.06082677804263375
0,3.195177463882299,0.10911095654101453,0.35327741964417864,0.16772563825815065,0.02124365631984362,0.5388793417655211,0.14116205505028281,0.12457204665613818,0.006417261950063585
0,1.5067571790899703,0.2025906585746529,0.3861806088311489,0.2583997267627578,0.014834007846060171,0.2622303623174273,0.19520278446109643,0.24455571936496964,0.024777399247688722
0,1.063534505311107,0.05009104278034941,0.24258472093047606,0.20244899575448763,0.002348810583951913,0.36874091423321737,0.21407768447469386,0.18181970531473426,0.03056388963891483
1,2.913837459435958,0.020384066990703564,0.39564263702948704,0.11930029836336781,0.016463473353874648,0.6136931723432578,0.05262724366017216,0.1545747356723208,0.043341076607006805
0,0.7937930269740415,0.2690261734302276,0.1475412463488294,0.20554224391760245,0.026578766150228743,0.46203976798547947,0.1440189963537942,0.14987831030635484,0.011941915286540318
0,1.0503302430694867,0.10977394196390493,0.46736567647326055,0.09064960996858437,0.0041773561353251635,0.4615083000038297,0.19226465558398934,0.18647345295168483,0.06492662535658662
0,1.0838081712404188,0.16115482960970473,0.18855194538998485,0.09761833341333485,0.041489259629387334,0.3210337817553962,0.44263196468458366,0.01791781252884136,0.07930884798845654
0,1.075280890658386,0.08268892991146307,0.37457220729858526,0.1275822225422565,0.009835630625950045,0.4710278040678229,0.2903150810235228,0.058304131121702664,0.042935130618744835
0,1.445500080287807,0.019002521186234522,0.060970101043590304,0.10168735359815469,0.07230581922934216,0.28145516393307546,0.45130085981598145,0.050478830539001956,0.042771972884444356
0,1.4426923713979698,0.24833676354349277,0.12777681950129063,0.10200325091885215,0.05182519919767002,0.513560896016526,0.282914070699693,0.037897676522084055,0.011798906645174852
1,1.7263455974780317,0.18852592396370194,0.13291622116742435,0.0262439099964374,0.010543052800302615,0.5002582911449478,0.3227728615173303,0.10121264679397854,0.03896923774700348
0,0.9321916506144416,0.07162339636770527,0.30826195085531305,0.06862487989108927,0.04721229393619324,0.4541008205804087,0.32176523067597107,0.0524538417357237,0.05584293318061405
0,2.796539470591389,0.26537651680160024,0.05786693956945616,0.05126742885078685,0.04161845615730935,0.6278734914484014,0.1459289090313728,0.10501871388421012,0.028293000627919535
0,1.82967399623463,0.23751522066159533,0.15918908994757777,0.07529785919639669,0.05763581502761822,0.3063378088249192,0.45724883636423946,0.06679917981034442,0.03668050077648199
0,1.2641173466827795,0.0695592659326345,0.3363807290575642,0.1474055163184413,0.04395634614293149,0.42339879782752976,0.2240730094810965,0.11514364200999795,0.04602268822000299
0,1.2067967070844134,0.2923255917718323,0.2499191930587492,0.2603890506984422,0.020756655401370498,0.3974512355033671,0.28244305929339886,0.013605130439257044,0.02535486866416441
0,1.1622386349265121,0.07711147010692393,0.49725321663774646,0.08860385490804909,0.05929591052457834,0.6410918379596346,0.1205820654201813,0.07963735233805433,0.010788978849502317
0,1.2251662920517559,0.08895877899462448,0.5580043534827002,0.09384634640198292,0.03452234306952655,0.32937554353179305,0.47383281066301797,0.03879149301796097,0.029631463315718587
0,0.4,0.19941735802656113,0.4276524774397304,0.24396043026825806,0.03232864091536864,0.5774129116189861,0.08697279658774147,0.049305131379391326,0.010020089230254227
0,0.4,0.012099232478170041,0.38691559824379845,0.037439869387551145,0.055674865530833305,0.46332116777763294,0.37767755984106843,0.021514847211921987,0.04437169025099224
0,1.0953003503723278,0.018911721962402015,0.47144407351509926,0.2544123918371607,0.0008716575423175751,0.4604159671284881,0.07805867774463819,0.12438773107595244,0.08185357467144302
0,1.5099388140123808,0.14534890807499196,0.21793613204809362,0.2559048643984512,0.01427800000762736,0.4629942919178218,0.22037334730498673,0.01606908361702453,0.03038041275408845
0,0.7433170932807239,0.05645016845117742,0.45377430198398266,0.15481501683195603,0.039480521421904266,0.4169901776108539,0.15675990931560735,0.17832860790585567,0.0536257669138227
0,0.8148622613485448,0.00032381457611887484,0.16693442172719172,0.1970380901294496,0.019764644372427007,0.42514847508440745,0.21719958927731278,0.13274642947817497,0.008102771658228031
0,2.0500064812239933,0.0924181277271442,0.1788575920075966,0.07568794615190154,0.06486475493951126,0.6447939064494549,0.1294016051109703,0.04063003960987288,0.04462174773828924
0,1.835632393722355,0.04658818072113401,0.009161131282969559,0.05677420356029239,0.026043495179546686,0.5037840116519874,0.1944762890835736,0.1383019710433462,0.0806200294812538
0,1.8892499619517515,0.1592724796352805,0.5271463251321578,0.19591997116614748,0.03157066151328407,0.47277076815468994,0.21617327387435423,0.046214622966183436,0.03735070232534107
1,1.1525737007291141,0.18512591015672844,0.19454866574338417,0.3073799227162746,0.1004008479396083,0.3203347649972072,0.10953536025102661,0.06265192386779254,0.09969718022809075
0,1.6387185418497499,0.20931686982535633,0.5963867554404368,0.08466313586772703,0.003987802954026466,0.4762201594947391,0.2365044470462451,0.1672537892509899,0.03137066538627235
0,0.8398534928376584,0.13727188397802817,0.3304732874575425,0.15751675358131356,0.03371648998448202,0.648722355305183,0.03645522853758447,0.11409421659172768,0.009494955999709488
1,0.864407424073622,0.04280606069265116,0.13185060695192577,0.02968341318529532,0.03323960966443624,0.4263604394212655,0.34159446182304365,0.1306648121089414,0.03845726379701787
0,1.473959217381355,0.27770125824478353,0.5106372906051846,0.12706399634142948,0.05101340068809936,0.5494892376558479,0.12863517743838998,0.06987894414715892,0.0739192437290743
0,1.1442305610660923,0.264930044958439,0.37513267423265934,0.09691456089783743,0.05237709463557991,0.5071996147014278,0.2917841158359806,0.01987046256423908,0.03185415136493522
0,0.905138617561837,0.21232312253477018,0.2757486339893604,0.14094262530995375,0.047601867248799785,0.7257670418791221,0.0262781948480524,0.03278318128432037,0.02662708942975163
0,0.6346503570955524,0.14735686165309195,0.02758498010355843,0.1800884985805935,0.04578417117188983,0.3295509224603384,0.22759281578567345,0.1860133437241789,0.030970248277325942
0,0.7635598486606172,0.11188212610539344,0.3075941180778707,0.17339875790512152,0.0011176138120741624,0.562686268001925,0.10378422556713025,0.14733594408223177,0.0116771906315173
0,0.7611129405634023,0.18038958002623953,0.31581870194071066,0.18171808266290174,0.04192203238432133,0.6119770282202215,0.08951387937949981,0.057518903922351136,0.017350073430704507
0,1.351752037698104,0.16338502911077593,0.1139474891967404,0.05815989516945811,0.044395290584411926,0.21283531218206017,0.44886046286016074,0.16018289501820493,0.07556614418570404
0,1.0655389939667659,0.1544368047243849,0.342065287972543,0.07247117043146037,0.05148812019853904,0.40562279136074114,0.2967033613593176,0.13862330317656474,0.03509125347337718
0,1.380975018614841,0.0092506922728397,0.13166581269253091,0.0675058259259807,0.01514902383917696,0.4566200406701458,0.32433316719565036,0.06478904202792823,0.07160290034111795
0,1.396278602651116,0.2845123571787662,0.4166294863346686,0.14734255117955442,0.0005791354076386342,0.4165883384122442,0.3237580298231567,0.0713010376717377,0.0404309075056685
0,1.4833249817398548,0.024339775822262977,0.3513392433020625,0.10252854894225308,0.0032706396911122795,0.461056269588268,0.31632300810992037,0.09100291411304717,0.025818619555399176
0,1.2877052929103843,0.15783432992482038,0.20177770287291208,0.0471354715278085,0.0049375916612839086,0.13738935647123238,0.4090805106244198,0.27408691302658533,0.12737015668867008
0,0.6163592165908598,0.10908342600559547,0.21937753462246223,0.09014938272478382,0.0009427883042151425,0.5341615842892758,0.26467246303898845,0.07274053881967818,0.037333242823058534
1,2.6343447641334747,0.25926972845109747,0.27710774541473643,0.17751034955049982,0.06501757011410651,0.5969249538272036,0.06808396655513742,0.07195376629125357,0.020509393661799012
0,1.5886991267855128,0.21598998990592844,0.12379158194261872,0.12213305393293007,0.022243842723298497,0.19062364853082342,0.3708401152945402,0.21847921328034445,0.0756801262380633
0,1.2122247788062608,0.08601101724996012,0.3907056984779315,0.12645953690028008,0.008240013146765257,0.28605698046066536,0.38761096353666324,0.17024874248123495,0.02138376347439121
1,2.51819441573458,0.185309329974003,0.21455698791516978,0.3181464202400964,0.053056034616240345,0.20080318704976005,0.3076822425228931,0.023427639094772024,0.09688447647623806
0,1.4489870412372725,0.23704343151090865,0.4371472673768381,0.0958320825324748,0.04356091800382653,0.48730621763596504,0.2890174284704517,0.04149888988962836,0.04278446346765357
0,2.185375924059862,0.2949195629809523,0.27764493587004785,0.07803372081998873,0.016616287010701905,0.49946373439334346,0.32925649586546973,0.04230905345227389,0.03432070845822229
1,3.3521985594302444,0.004124145489135045,0.5321763980463454,0.11221664670061661,0.04929507348637231,0.17579273027919737,0.580142072230838,0.013670931509584885,0.06888254579339087
0,1.0520470396227515,0.06316077167791317,0.4730934472667745,0.0332322136820728,0.0014399440260868819,0.628518117979338,0.2697528880964821,0.01289209836706072,0.0541647378489593
0,1.3910538027283694,0.20303033617162566,0.20618427340126053,0.15736751346294206,0.02523369780311756,0.232797581821711,0.49370570743034,0.06787678173541109,0.023018717746478144
0,2.1693294983280214,0.20041436591224923,0.42300952187941726,0.17845551908279234,0.009520643450896496,0.1517908862816078,0.39007021840725625,0.18566442646785983,0.08449830630958725
0,1.4601345566432924,0.19998616747524972,0.08590042448912824,0.14671855640908466,0.009051699950110686,0.31552612695338095,0.36221667960604215,0.14452402370054765,0.021962913380833938
1,1.1141285961082361,0.20984944507193476,0.04907775607083644,0.14468864361581615,0.010883279758671162,0.6801615976682088,0.03779898725344009,0.05456724488931143,0.07190024681455234
0,1.0257098131927844,0.1275546709782746,0.3352410442684212,0.19556340504083455,0.009346730771952413,0.47760741073379837,0.1876730545626488,0.06524698849035149,0.0645624104004143
0,1.7548803140880356,0.20330616748758473,0.48703121074696853,0.12489624510578938,0.029050512210246276,0.5138090295831547,0.2499140367277414,0.048299810992099394,0.03403036538096889
0,1.1496139589324783,0.2703401780061289,0.23545404334276143,0.1747670954535788,0.037028745483677614,0.4634094549669451,0.2466704015577932,0.03900140893709037,0.03912289360091491
0,1.056421136713644,0.1473582261482895,0.5007733339433995,0.05202251607155538,0.07093085147454553,0.41409231198115426,0.27058816232676663,0.14461071452318802,0.047755443622790245
0,0.5422115465664065,0.20890793993950865,0.5248852421678663,0.022478115797007578,0.03332793730694067,0.5883696062820924,0.18696587466683642,0.09777779390118324,0.07108067204593951
0,0.9258740891792449,0.18919203955544342,0.4356963224290332,0.032135745810946435,0.0006437316547607102,0.5944941096999838,0.2198023182913338,0.10877114717151759,0.04415294737145763
0,1.2156025939617212,0.007809354053467343,0.2627947885241341,0.12972623678568126,0.07146072636095055,0.37509162709752236,0.2674852347328602,0.08631836925882631,0.06991780576415933
0,1.993769917635452,0.10729395634497876,0.328291514092673,0.11552827145873648,0.022362682794616204,0.40882897998895734,0.3166627447005955,0.09167806017070781,0.04493926088638666
0,0.6381607385847802,0.12174811853956116,0.42713470240496226,0.1941053246918747,0.0775268097806969,0.19744093841284538,0.26026644776065655,0.21312527096765072,0.05753520838627568
0,2.2512499895039637,0.19125956183373038,0.06400568651904766,0.15989901913093155,0.014044701962286518,0.4555165408614486,0.2507064013161912,0.07196826538411727,0.047865071345024955
0,1.0220902272139651,0.22637060615234292,0.0089114256333354,0.18088832609432215,0.026324408655227772,0.2175935805743056,0.4102467184113305,0.06770246042640309,0.09724450583841092
0,1.011986261250219,0.008029378435076883,0.30117770533458804,0.23815142813606244,0.01815602014399927,0.229045443555861,0.3429735676771612,0.09565786784905228,0.07601567263786385
0,1.7899028866870115,0.026260055093259158,0.18524562331935693,0.09404726315494297,0.0508451048577005,0.4050966846667121,0.29232661272874927,0.11323257371982007,0.04445176087207508
0,1.514284132377909,0.22297180895928734,0.43746104174807765,0.1611694056115624,0.04225685586793766,0.49229610236238286,0.25557282740903786,0.013110970254744793,0.03559383849433462
1,1.9369562648935328,0.14053402987652544,0.06980568740442539,0.12795028412689075,0.038113241005610095,0.1169104124460179,0.5415046715373852,0.15449727823499043,0.021024112649105524
0,0.7203715282719219,0.03857857543182286,0.3259823616318234,0.15731829426433472,0.0437960933030752,0.40489319087607023,0.2756487570381091,0.11263685492890446,0.005706809589506351
0,0.9943965943283247,0.08799930023361956,0.014522243271774003,0.03177984295625811,0.002859432125019198,0.7001021925457801,0.19673946564565442,0.0257248873234378,0.04279417940385023
0,1.5614208950904374,0.0074140601768763244,0.5847100308202539,0.09456023063948318,0.06615232942040601,0.6577296411211322,0.08658730486825097,0.02265772176173778,0.07231277218898982
1,2.7536210986453806,0.15085174422792494,0.35395512799075535,0.020788586223732055,0.04440704785700895,0.3860723929335554,0.35101897471642207,0.1402416919967491,0.057471306272532476
1,1.647653147065212,0.0731532323580338,0.20629682243456007,0.06082224925857155,0.09244210469283208,0.27212790826054606,0.33265061099284043,0.14223431992324873,0.09972280687196118
1,0.967333543672473,0.1679530031349537,0.03937594519214225,0.08455654549245815,0.0900606137780934,0.34563176580706395,0.26585031371052664,0.1535371489840555,0.060363612227802316
0,1.2926767662421221,0.19995904151184504,0.4841306579196273,0.0518944445061144,0.04577648893908143,0.5876512254725632,0.2113558482696366,0.05132846766404241,0.051993525148561946
0,1.724290042001587,0.2734602281594683,0.09736827571979878,0.13679206180459377,0.05851270457029297,0.5535261743406297,0.21104867530261634,0.013972121821270549,0.0261482621605968
0,0.9686201289160137,0.09807423081642293,0.23324244424922064,0.2036793713519825,0.006357914397340997,0.16837233629349452,0.47243156960668997,0.07573023948160885,0.07342856886888323
0,2.4324895845876964,0.11838212335543763,0.006370696166920342,0.0874097553741703,0.028008474306051842,0.44256618030340983,0.332616674664321,0.05136343886850114,0.058035476483546004
0,1.0766130584047116,0.2533408417652323,0.5294812824925665,0.22404304747139406,0.0937852692991498,0.12976790195205876,0.3720421281719984,0.0640046712329568,0.11635698187244219
0,1.6981703575345914,0.10722690157615924,0.5328086214812289,0.10740263755750377,0.016385783196113318,0.29265193941138407,0.3909875411350442,0.15365967634386832,0.03891242235608641
0,1.6187885216395697,0.15958640157753842,0.3663085750584621,0.2025689056404303,0.026877387295057443,0.12648855042437124,0.48623196125569706,0.07281186187751582,0.08502133350692806
1,2.511988497861042,0.24336231564583022,0.5940672682119769,0.05172056140693599,0.0360068585849907,0.45448247956870513,0.301909671388275,0.11859647273652194,0.03728395631457108
0,0.4,0.2821390342841078,0.4230904832115034,0.1836139383786458,0.003444653950601329,0.2962225702195172,0.28986344630772476,0.16215144168098244,0.06470394946252844
0,1.3308762309338547,0.061879550294497376,0.3210477347214679,0.2252255811807854,0.01678134193815114,0.34981716986760397,0.19025907451815663,0.12519875072825848,0.09271808176704431
0,1.7358090803348638,0.24249231519022232,0.004351684193536487,0.2133263628882746,0.03348089536147903,0.427136247256938,0.09679043946218163,0.13825482151648485,0.09101123351464187
1,0.7778660083475277,0.09970198726485428,0.0990068208663409,0.1324597515000801,0.02839461412307991,0.6640626413565072,0.03244891538691466,0.08298799770239859,0.05964607993101967
0,1.846636699863117,0.20633585987057373,0.15521247595739154,0.05314331588103207,0.0443242561416628,0.6617178015773809,0.16659421292931145,0.025686239359709758,0.04853417411090303
0,0.8909253521349824,0.032849108743892894,0.2809939823184564,0.1279959210758986,0.024425705604698523,0.45454842938420875,0.3029921436521383,0.07237465524158994,0.017663145041465857
0,0.7801296853290207,0.01323568224108237,0.2812611768807572,0.10063951572508789,0.04676618047590776,0.40017931344382807,0.3041486354852963,0.10744764395918933,0.0408187109106906
0,0.4871196256596594,0.11377660267684529,0.5659999629542649,0.2563898927165997,0.009555275129374489,0.31816579638176407,0.25738216328195773,0.1059500842804684,0.05255678820983552
0,1.5036233316250747,0.000286160165214433,0.367505533640702,0.21393971632333145,0.012421396419939485,0.19335620839955386,0.3963991407925105,0.15832579844146707,0.02555773962319787
0,0.8518786331003649,0.14724008241204237,0.40213235111677587,0.13432351517985022,0.009926359663172154,0.39176408795322376,0.36181649440435926,0.05814187626584887,0.044027666533545694
0,2.0667957319030146,0.29040568462128036,0.17553269357403015,0.08435953107845398,0.02456864322114185,0.44253951828529914,0.3438926992021204,0.042993296015608036,0.06164631219737665
0,1.172127598370352,0.10418492712474882,0.24559348034530268,0.13888028386252477,0.054988169085589046,0.5577893120204538,0.0534977255689656,0.14630422607096275,0.048540283391504103
0,1.6219151536844807,0.2220071224964882,0.2258706985947205,0.24362830768175125,0.07375540924677515,0.2054327034140454,0.2153710451563687,0.169478366684036,0.09233416781702343
1,0.9763690637265061,0.04789856463887116,0.016267076367432097,0.15965387630565755,0.10036951334183956,0.39910995237827396,0.22484222777610333,0.06920831543942164,0.046816114758703835
0,1.3629826465079917,0.019508676099725973,0.37512822103690213,0.24888488600934658,0.07246974236182954,0.21678603046931352,0.4167685843987344,0.013643461258612377,0.03144729550216354
1,0.6728164225451589,0.22436190535862635,0.5295790507974659,0.04206234661924681,0.07848227315116742,0.10500231784648612,0.6395346432929437,0.09488198921370104,0.04003642987645477
0,1.8761234925313786,0.07274835431787204,0.4021566673253736,0.11228853439304445,0.047572177534081,0.376051042064576,0.35950827280825975,0.050472343526871126,0.05410762967316779
0,1.3311319741664027,0.23920967057439502,0.4050019678377625,0.11063501379408756,0.05719963089558291,0.5753634198986027,0.14708120694199361,0.06465804835514108,0.04506268011459217
0,1.7223738953701773,0.1860907050616573,0.1773572819665731,0.2902930639002619,0.05258680961446487,0.08939742611354418,0.3979937944981854,0.09809011414754161,0.07163879172600203
1,0.4,0.2610396058712395,0.5353862316297648,0.04021130537126331,0.12262547072569431,0.0774007700367098,0.639891123911557,0.08073134464873354,0.03913998530604203
0,1.7941417109021045,0.28977525866501974,0.09143277778374788,0.09629308533393,0.020076847543542397,0.3643154604345388,0.21687458836809986,0.1757303375452405,0.1267096807746484
0,1.4189980554035997,0.26026137072481603,0.21911523950554954,0.032030827403645754,0.022021230307582303,0.5115550237015933,0.2991563914802876,0.09332445441232264,0.04191207269456837
1,2.412308482376951,0.299879379193129,0.5509748702353321,0.18744825306224913,0.06743749746527113,0.08033640128519808,0.315778291494626,0.24179622714689142,0.10720332954576413
0,1.378815243112666,0.10209660456251203,0.5307672913260794,0.05778962720621972,0.011361966067174245,0.3910363674738936,0.3473075619101275,0.1640831762756872,0.028421301066897765
0,1.9007689469916675,0.2451139394907932,0.5964781674408326,0.09424340058318041,0.0688182974334499,0.2549367581586229,0.3747871861869339,0.14877784632889088,0.05843651130892209
0,0.5592043290152261,0.06718981457859653,0.4466001174771422,0.23369203155884938,0.015210495230837985,0.2856351398482506,0.2478306870694884,0.14540444481030976,0.07222720148226387
1,1.3347370068284112,0.21911725040852284,0.011007905419917073,0.2828689565788668,0.05619056201155155,0.07615220759576252,0.3369019364060391,0.23558661445869677,0.01229972294908326
0,1.0888075905130548,0.19445945181399285,0.34855089239212383,0.2626816111136837,0.04295268036552382,0.3817837503574712,0.13022057738425,0.10397671466794513,0.0783846661111261
1,1.1115171142034788,0.0067813978657213616,0.026979916469198218,0.035946800915436526,0.03715158909511885,0.5404001262180809,0.31397269530171457,0.04242263432986144,0.030106154139787764
0,1.3762323997520411,0.2321769836933167,0.4333992584268367,0.06250936553599168,0.030337161359050187,0.21939426170166515,0.599040087266767,0.03958253191026003,0.049136592226265964
0,1.191566761685559,0.214996431956585,0.32975692906880916,0.06581017855648776,0.006043685315309707,0.42194658434303023,0.4301428445636547,0.0637387687625514,0.01231793845896615
0,2.584010943624543,0.19356133964674246,0.013574379647004297,0.15122612143190856,0.04126540489055942,0.44206674880729435,0.28910843109238904,0.0672436699201066,0.009089623857742028
1,0.4977442234916828,0.19874566896092055,0.5369046608175203,0.3616486450833552,0.040786585213016015,0.26754809893493464,0.2579658164738875,0.053303421177600716,0.018747433117206117
0,0.6480872556312708,0.03736784120346095,0.16774069795296812,0.10145611835010575,0.0384640495310096,0.2922422089496662,0.4783306722532698,0.015056760975599711,0.07445018994034891
0,0.9831054259281795,0.058299156862071266,0.48976161663130763,0.10709852177697127,0.0071461865396883605,0.5087572477875907,0.3472773809913942,0.01769515269836661,0.012025510205988802
0,2.3408142366075966,0.0520465981699149,0.42939727882021567,0.06235377261323362,0.020055886524473807,0.3723133241412583,0.37616861642515514,0.15988022087944403,0.009228179416435178
0,0.7495139948968024,0.06932775088419296,0.39810724213040766,0.1294913885289411,0.018055140999455634,0.5155503085919277,0.19144175967462357,0.11522592522774537,0.030235476977306545
0,0.977614508442415,0.10589671059404661,0.40991243684775364,0.27130924881723867,0.031267323916044025,0.33357933112682414,0.21543330924021326,0.13199382268968463,0.016416964209995367
1,2.120017138686606,0.01968688058694343,0.3628742681939338,0.18160444432732403,0.06713451225089383,0.36234343119298773,0.3142682495118922,0.043427032752611346,0.031222329964290942
0,1.7313533227588223,0.29961427091531856,0.2816926300040955,0.15236915751554178,0.018141514804666973,0.3549789830793276,0.2982483320845696,0.12330846231437091,0.052953550201523175
1,0.7674391269277736,0.04130595601189556,0.36000915442736847,0.15944048147396872,0.061563812073083,0.6225693362338246,0.02969567711687548,0.10985039529480756,0.016880297807440933
0,2.1825353280459523,0.18296510868614524,0.47705893230635105,0.05681217510270003,0.046298512777198486,0.5096116997181044,0.3079488556256206,0.04390659234782572,0.03542216442855084
0,0.43147304906056555,0.0053130781161025206,0.20344637932115184,0.18710753294398394,0.07003532428493092,0.5437142447427198,0.0930126231444268,0.08265593458685852,0.023474340297080162
0,1.358399534009418,0.06970871657993599,0.460326357592514,0.025034088766812547,0.015546601793254334,0.610295855441013,0.16617793838541303,0.15198696966211386,0.030958545951393326
0,0.4,0.27243435186227394,0.04805998647258571,0.18442829415174133,0.054885722002055624,0.4408653171784962,0.1682178823657056,0.1031139033935846,0.048488880908416715
0,1.6432615107829789,0.27447353203591585,0.06886262825937861,0.12370025225842954,0.01519198090272367,0.5494214370354007,0.20495587034002624,0.041354262758855766,0.0653761967045641
0,0.8513565101675883,0.04288559039515004,0.5837043002320133,0.16351546283284552,0.035298285037806756,0.27469049906463566,0.4508162585628915,0.02084642104866946,0.054833073453151034
1,1.148900807716526,0.17540394810951582,0.015448416771730677,0.138526168849292,0.04963759251390767,0.5333779650368791,0.0348778266818799,0.1998568243911224,0.043723622526919054
0,0.883255059914171,0.13195836949293058,0.10154617026913183,0.10181093779372175,0.05642986523358049,0.6058225879071137,0.1507516215913897,0.03635842548520916,0.048826561988985204
0,2.920229578314852,0.2743830131307353,0.21686793341997698,0.12304780112545975,0.03451354073046155,0.6452865392929711,0.1447734930787,0.02099131873511817,0.03138730703728954
0,2.1309247194890006,0.22666028672027885,0.278845439583789,0.042944242213480484,0.06367307985321703,0.11004985285412573,0.36219426894172946,0.27693929055395605,0.14419926558349117
0,1.124501948180213,0.28635213991803504,0.5850633450131053,0.10671282275102938,0.015222853992273086,0.6423535390850585,0.04528318212249927,0.13758706498017279,0.05284053706896691
0,0.7696234683644294,0.2394813248655196,0.37264600897510103,0.28724298460288944,0.08535995185728244,0.422329303943696,0.031033508900211403,0.10488688717037345,0.0691473635255474
0,1.06988453348802,0.02990056674626139,0.04307673651720718,0.07671391431239837,0.044382572465908765,0.4673495577202952,0.2647808577063203,0.10220487973451435,0.04456821806056303
0,1.6869379094366144,0.2117962065915618,0.3733360238835159,0.2218282754281298,0.053419491102177676,0.32955917380582805,0.14256265139325328,0.1974065131888931,0.05522389508171819
0,0.7912006599167343,0.12830813551994477,0.3427573968446072,0.014062384902668163,0.011348102140801569,0.6276754814998996,0.30097613537622686,0.030713936685166022,0.015223959395237702
0,1.485736996410511,0.17291056613939101,0.169776533497034,0.17759571040143005,0.0036891067838154276,0.484938960897094,0.24881679970893944,0.02636598056721984,0.05859344164150138
1,1.736225024545575,0.25574880543212647,0.26440908604086416,0.3872732982041812,0.06200311385760704,0.22883763197459644,0.17708653385107068,0.025802914140365986,0.11899650797217856
1,1.2468119736371324,0.08878789035752013,0.0270559497331609,0.2628172741233379,0.07660365254196037,0.31480563068507883,0.10593315705606046,0.1664904620354727,0.07334982355808968
0,0.8100168001821938,0.2381476595407947,0.25547041473103693,0.055059769837426095,0.054481272031513796,0.1802248259688097,0.4896989697234016,0.20486762561667746,0.015667536822171348
0,1.2783250905689356,0.09690900398174052,0.1433419897670917,0.09871465536915347,0.061037381794415056,0.3699045548658993,0.305469785992464,0.14868004673920854,0.01619357523885982
0,0.6278784398374757,0.0369376585380463,0.3693869146376198,0.21618024043596445,0.085361953213246,0.5091315215201727,0.12057875578643892,0.03479495625208797,0.03395257279209001
0,0.7764972392128078,0.19682086246111155,0.2641288725762607,0.15874885890105098,0.046004274385316776,0.1135804297728603,0.47670671446397234,0.15904540229706313,0.04591432017973658
0,0.40832763408867645,0.20652264036096696,0.062027091747436924,0.10890299866198924,0.03281403970298035,0.6340892997418222,0.06773205980059571,0.11272055233084757,0.04374104976176501
0,0.8361077275705973,0.11019894661309548,0.2943359158679781,0.19563555449517162,0.010466092326603848,0.457502487673614,0.21373029708193655,0.06827876566744291,0.05438680275523107
1,2.157947849003627,0.1723011076572966,0.2569069892310214,0.08789600374607275,0.08366150922583643,0.11332612663445424,0.6263985254946405,0.06559832991572695,0.02311950498326914
0,1.60041252659263,0.24441717532319665,0.5456417150951165,0.03873636568898969,0.07889175316763773,0.12037832984152812,0.5520991314422448,0.0950966065465191,0.11479781331308063
0,0.864920375900303,0.22688997110479148,0.2372755611403438,0.03634417674321521,0.08220038288091396,0.4771478302533483,0.18494954606067138,0.19965973892100575,0.019698325140845557
0,0.7941223829617687,0.08836285855871233,0.3593078165165924,0.158137920187924,0.024493418097074317,0.14029861081521103,0.5263153208676786,0.061132741866243547,0.08962198816586846
1,1.5266755552144269,0.012954480668153912,0.04901148598571987,0.05575755893916232,0.06294669353023113,0.6101153673768562,0.06908066163351262,0.14597011727254855,0.05612960124768923
0,1.5467869682656228,0.0028614176227478747,0.02902157792684612,0.039189728995701424,0.053326787750400596,0.26983982931515926,0.46246195567765436,0.16173192032910794,0.013449777931976529
0,1.9474672415536936,0.21644877850228117,0.04355313918685453,0.19509615098448926,0.05972032341027056,0.36485523610111953,0.17464437885701703,0.14744619265857792,0.05823771798852576
0,1.1067512635359762,0.07981771683941641,0.41455378122111197,0.22316862993986122,0.015060071873910317,0.3703181748082737,0.24085629305484674,0.06330639102939341,0.08729043929371451
0,1.1105295044355166,0.2830248556339583,0.4258768607388545,0.1387791594263642,0.02622474741603248,0.4114187776721701,0.2876233412787078,0.12608778085605277,0.00986619335067257
0,0.6437303579920431,0.09167117376615057,0.5426331183367112,0.16836863358015594,0.04835280465046692,0.36509105350995724,0.12640366458712354,0.22874658863316136,0.06303725503913495
0,1.2809715582413999,0.23291749878084939,0.4999261723724126,0.021607815439752945,0.04467913109746139,0.6398849454562622,0.20783345998223984,0.019434379488560867,0.0665602685357228
0,1.2833992081117174,0.022614467515539614,0.31165566366314246,0.025748833968531927,0.0512358785510841,0.41294548058401614,0.4262406791024579,0.014700822574164473,0.06912830521974547
1,0.807628271723196,0.05885742964495397,0.20375846057219785,0.24077223173515858,0.03021864246009522,0.46648249310628215,0.029904953900258553,0.14482977110155268,0.08779190769665277
0,0.810304307666273,0.11159141100281512,0.001593321567887096,0.17900122478131644,0.008419931202603176,0.2098974431261255,0.45899571195783684,0.0972788315569628,0.04640685737515513
0,0.7073162573174283,0.07070497220915621,0.21017739711755817,0.16760685146457738,0.040806841430462905,0.5322139738316368,0.18949645781424346,0.030639006126880624,0.03923686933219856
0,1.7413647011832842,0.08366129344677499,0.19689707592369726,0.0556196457774078,0.029120109548641113,0.5425943987555655,0.20762359417813805,0.154472262145515,0.010569989594732595
1,2.629735783279178,0.0947418005715261,0.41030622128232824,0.06055490049121214,0.03651092375849878,0.4930171903895266,0.2668876074479122,0.10838419499534183,0.034645182917508476
0,1.6679751967790137,0.1983097937271141,0.3075326431389213,0.0631064775174004,0.11032558589481913,0.192342311369844,0.46427757286456245,0.04506484664959222,0.1248832057037817
1,1.3739656821099633,0.11454663102050959,0.15190245711821668,0.3093246261679631,0.08593145760097683,0.23815761190278295,0.07370103551001932,0.2178247985256292,0.07506047029262879
0,1.5415356230394028,0.014704064969066698,0.1194882141864833,0.07217894079230909,0.04368037483749642,0.3370656029590589,0.3986578484067538,0.07241068960436359,0.07600654340001833
1,1.9965115606186883,0.15599845710175952,0.09857520855684943,0.16152775967789418,0.04516917803276583,0.5523013663705721,0.04835777905652412,0.14054279868271327,0.05210111817953059
0,1.9097350528808734,0.03919486499394648,0.5817871018624655,0.25165086927045566,0.05633644452126447,0.3330145270110312,0.1618704517882708,0.1204444475665601,0.07668325984241778
0,0.7127292245170012,0.21079252631946802,0.09611952152040638,0.23564091847170182,0.08373115560068757,0.12088702121116486,0.4246918928619754,0.11714430954312692,0.017904702311343463
0,1.1508918740563143,0.18193429601376293,0.4245340985941734,0.07246825579263037,0.02431589680330037,0.6337040638665405,0.15438885338748567,0.027280276225380245,0.08784265392466288
0,0.5169561300519749,0.023030887756065654,0.47133043496801663,0.04190701651060282,0.003455717085572523,0.41920604013755736,0.4745728842109407,0.04708900955079369,0.013769332504532904
0,0.9399684955176355,0.13082056512641937,0.5699184172528389,0.23247187712335668,0.044148470040250354,0.07438262325130475,0.43764177562300066,0.19680013785440092,0.01455511610768663
0,0.701365825852692,0.15724355618030642,0.28753989220783555,0.2620691464424643,0.0735684306488176,0.13576011625318926,0.278824933957527,0.1723732199833879,0.07740415271461398
0,0.9770698607575151,0.1711844210792098,0.17235786658197008,0.05524561703715116,0.08885519739090342,0.29292124491989147,0.3705582257773863,0.14562251830595707,0.046797196568710536
1,1.5895734601454699,0.031470030243160675,0.017391251272676423,0.21482741803686875,0.08117588337167006,0.2940542585823858,0.27935925107251325,0.03257634185924366,0.09800684707731845
0,1.4114904870364553,0.06930686889913218,0.31183198068751283,0.024906888425594336,0.05847153325115855,0.45978270829977036,0.36483700712439443,0.07092895901115137,0.021072903887930962
1,1.4362446520734449,0.0005017487390648334,0.5104163980197431,0.2892930626335492,0.12070055433366447,0.09388628423089122,0.14548504228112874,0.2141408099362091,0.13649424658455728
0,0.4,0.23866482210465778,0.03986263697720067,0.147277842938003,0.05360849953755026,0.3884586448752178,0.2585118795394001,0.10494369769654956,0.04719943541327934
0,2.055767874911743,0.25600455745147543,0.576282151567063,0.11906735179050666,0.07554926779463457,0.26890866857194295,0.24209547927773808,0.2200479088036871,0.07433132376149063
0,0.7772217076421923,0.09295306729291099,0.42051610280251955,0.1153956822323343,0.05675223406182503,0.18498551207062577,0.4695806962510471,0.10152292447909533,0.0717629509050724
0,2.4242022320893097,0.19734687738584875,0.00872903581367499,0.17919541651450188,0.044372110715231956,0.470791650770406,0.09208473536415464,0.15931040334036975,0.05424568329533584
1,2.660743216108546,0.17511421939787553,0.16286212055241164,0.2536678877479555,0.08189561676793072,0.2789778408553577,0.2672030790110304,0.10416261766073304,0.014092957956992518
0,2.647390036832135,0.15758934171121047,0.3677987304633165,0.17081042583293815,0.050330479503044395,0.5514063931758604,0.11991532119215745,0.07215164790759418,0.03538573238840543
0,0.847262068112163,0.21012833980383014,0.4806673599501232,0.0731278536950325,0.04116475037060234,0.42950493914304494,0.27363425251282614,0.14995462875029453,0.03261357552819953
1,1.702090377531666,0.16546915309480015,0.020940259803650284,0.033711045061343876,0.029485391090968375,0.4141736063137025,0.3157177237221479,0.1546059054119799,0.052306328399857514
0,1.4074248608233928,0.025140316226807766,0.3344822416760925,0.10308644859942438,0.01974983434191384,0.48034460168427345,0.2480608530092051,0.09252518296639539,0.05623307939878776
0,1.110488914680965,0.20871115846318403,0.4077291260897321,0.2079037339406187,0.063426205555564,0.056899674925493485,0.5642138638647657,0.07540965789569261,0.03214686381786566
0,2.879879482173761,0.26339951179645216,0.4441871857077347,0.2528385272330341,0.012931433116522712,0.3302120250626894,0.13097652240000815,0.21825969574151824,0.05478179644622738
0,1.0927755990907562,0.130588620743965,0.1809803044158465,0.06522546311844421,0.05638359527336716,0.3899210914085278,0.2807876606612208,0.14081318353029323,0.06686900600814688
0,0.7250403683870391,0.28632193281875107,0.5227913296788003,0.1704256079255755,0.03879260980740702,0.5177919611136491,0.22505477461326243,0.02653985773157098,0.021395188808534797
0,0.953841888869853,0.25281708534857544,0.5624393009191988,0.09668388093327572,0.04768751651250378,0.42435194795941517,0.265849386795339,0.13860137522739116,0.026825892572075183
0,0.5148284216767774,0.065692854738351,0.44695831464138747,0.03748502313444193,0.03177510621455351,0.5000597211420875,0.22822243642586673,0.1515562742242302,0.05090143885882006
1,0.9956814175156775,0.04960097714127689,0.13126463000785377,0.03301219182765014,0.022764491471279198,0.20987059143228665,0.5582560119990035,0.10373880923542177,0.07235790403435861
0,1.3301222262339532,0.29617797989732014,0.4113346366818541,0.18432876149932897,0.04708495896065852,0.258097484783057,0.3310395363305056,0.12097877540458052,0.058470483021869524
0,0.8596022589659953,0.16780718275973866,0.5246169259013268,0.13019515957817296,0.010956229030192112,0.2808833199269685,0.42585895049203987,0.11212533877631656,0.03998100219631002
1,1.789704948159471,0.14258076050083,0.08653405948995178,0.05802241420893912,0.04269078472950354,0.4644269642502501,0.28990462692650465,0.10297571572470406,0.04197949416009869
0,3.302911321850211,0.08492843847722911,0.5412411642220166,0.20879529265639746,0.022287855530976675,0.5837186292607225,0.0849757038051768,0.07162528813896797,0.02859723060775861
0,1.4793353185051257,0.11850244965624482,0.34714705916682304,0.04896978092211623,0.022628025462329022,0.6644505227787033,0.06522808631744972,0.0805664697918459,0.11815711472755605
0,1.000498344258673,0.14592328302988922,0.26135794548823527,0.032814023121772645,0.018856767148934125,0.49592989639452195,0.3108398202233384,0.08925427927903809,0.05230521383239489
0,1.9234380438682321,0.058522828794116064,0.2842137315123651,0.16174546728972714,0.017809451624892846,0.5410531278519539,0.11682639629039014,0.10893822687291786,0.05362733007011817
0,1.472734995734124,0.09645962649150076,0.49818256661521076,0.12275250573145872,0.009862726965588632,0.5263875307390047,0.1502290960642431,0.12541457570397507,0.06535356479572972
0,1.0215321027886706,0.18502446755218116,0.09844342637244272,0.07671177814038894,0.06478510223482256,0.40826340297749897,0.27751686179971696,0.1338465920473707,0.038876262800201684
0,1.1419953985115727,0.08989278322874143,0.48209372792160526,0.14801100788973953,0.03901971386594317,0.6733680266883348,0.03864123058183324,0.05391477623459742,0.047045244739551774
0,0.6899381695601925,0.19131427846586904,0.5667308533208291,0.11801508874608631,0.01641334523226612,0.4524809532251266,0.23987011664162475,0.13277358556166713,0.0404469105932291
0,1.0324493083359252,0.287654587476618,0.4256308461120833,0.23148520236251188,0.03682639322491889,0.4522813726102787,0.07695565175421652,0.12024418020221582,0.08220719984585809
0,0.700777558948949,0.27310336896756016,0.13465638371048072,0.07580276957471925,0.0888942681819199,0.25362111435169116,0.41016185095168234,0.10037519230007741,0.07114480463990991
1,0.6200300042951147,0.18886530266656892,0.05137241603713083,0.08167121483351121,0.0053801635814937215,0.21183001927752823,0.5256421981025151,0.07435447000243235,0.10112193420251939
1,0.4,0.26437511065334834,0.04020412613983391,0.04494752945478822,0.01659309884275925,0.5318887615769051,0.28881811177025524,0.08040374597626752,0.03734875237902458
0,2.049852763688964,0.2638144480279999,0.42217752164760347,0.03195980190832661,0.06646048402973041,0.39422554556209277,0.28119293154918207,0.14343556259556903,0.0827256743550991
0,1.2427902896720213,0.12653887721014023,0.5807823628465862,0.2146264699154011,0.060885650719886636,0.4630963336747114,0.08639531651147873,0.1076691318887692,0.06732709728975299
0,1.2172745042872148,0.052939091168611584,0.4834728269674355,0.14145010153301582,0.0436307054302309,0.48732513604398253,0.2292793725774772,0.05989453270940292,0.038420151705890755
1,1.3458236123783154,0.2798912145662271,0.24649633816764227,0.2740857076483273,0.025002502945120575,0.5498425345867338,0.031030607473306868,0.0951588373818334,0.02487980996467795
0,0.991662946327279,0.20410299045550664,0.44080394100852593,0.07352660675061957,0.08339860215589469,0.546609441808345,0.07438047725120535,0.14060489465221604,0.08147997738171919
0,0.8594696877730362,0.21773993687528306,0.35060088107237936,0.16312040154591304,0.06715750096203553,0.09714211188451302,0.46623342109398713,0.18626747102336721,0.020079093490184236
0,1.5064005002504874,0.29187066487535557,0.18215910903587823,0.22946136576450268,0.06905802110151685,0.07659083332582069,0.4538447277946762,0.09928842398754613,0.07175662802593721
0,1.5349672646767263,0.16928960041441457,0.1961716459303284,0.26679898546974323,0.10261189826628253,0.07280460398199624,0.4085277868386086,0.10674205584613874,0.0425146695972306
0,0.7140082565494269,0.09712491988454096,0.03750749778076052,0.4951138447001539,0.014584676555372262,0.18865262060404892,0.10591265202462148,0.15419375676310945,0.04154244935269414
0,1.2700856916472598,0.16936102933838673,0.3648422640517221,0.17720616251601579,0.046426553310456135,0.30339214433447975,0.10646860514581936,0.24057329947831796,0.125933235214911
0,2.045340044500807,0.1189049652668211,0.3245472680142863,0.1749785814915689,0.06122795177493074,0.28200383404556084,0.236689211091712,0.12006727813135831,0.1250331434648691
1,2.811048204638787,0.1819581732798516,0.3933499436756116,0.2908716390439596,0.02619635889134933,0.2975410787399669,0.24030246796133234,0.07104894093273598,0.0740395144306559
0,1.630142449868011,0.22346762581609242,0.21748952930367343,0.17105777290843488,0.014969121206948075,0.6907206717439437,0.02763825051107038,0.08783053836948272,0.007783645260120095
0,0.6800398065874225,0.18431467040466434,0.1778543780175576,0.1383392688741165,0.05006134069670421,0.5379714377111361,0.20055979312444353,0.030882443371048875,0.04218571622255072
0,1.1042846637995076,0.2132883197957599,0.5860277164743145,0.04610101859808312,0.025451506969804107,0.22069956264153037,0.44225234500530375,0.22178127577470888,0.0437142910105698
0,0.5125366903549071,0.1791809262223818,0.042373828769439625,0.16427675565225713,0.002436510560048355,0.35745184578628436,0.33843125692066545,0.07726074211202057,0.06014288896872423
1,2.085104052235344,0.05722200436672648,0.535635854847907,0.046232837194507825,0.016272310900207986,0.717714235165425,0.058429568600692185,0.08906792242400824,0.07228312571515871
0,1.5213907838568312,0.2370376624356436,0.43680812348198833,0.0769599892449953,0.03351039038183897,0.3795673812663491,0.27992691415238447,0.1894215083250576,0.04061381662937453
0,1.1224859167569607,0.11056047833750939,0.12355052951651894,0.08927653540020013,0.08355566479599623,0.2815036795057891,0.3611096577221908,0.15372586592314588,0.030828596652678075
1,1.8471642493240918,0.28463763797236025,0.5117004800820577,0.29868249505963695,0.09596455349749297,0.1781069720288425,0.25360194522992835,0.07228961684598945,0.10135441733810988
0,0.7923556875073516,0.24623108913687258,0.2011069652388983,0.08232943326530535,0.04772498501172646,0.40166129972284315,0.25283045185315095,0.17095667857990762,0.04449715156706646
0,3.0119373262954365,0.0650319724331498,0.04280906070856152,0.1293916708042653,0.03962755848410105,0.44155472107914945,0.23957567908685395,0.10225106431018617,0.047599306235444006
0,1.6743035811201605,0.07797251786599084,0.43318731894331425,0.20157545274541233,0.051704918251222746,0.20029588250046573,0.1909846677326541,0.2840120253398495,0.07142705343039558
0,1.5274044824442417,0.15715970746922373,0.44912726390169505,0.13548909137873738,0.058697461119531696,0.5735235674672919,0.054211860951321966,0.12255550162809521,0.055522517455021916
0,1.0754972505283371,0.15362322579463353,0.3060240667849283,0.16017605909632837,0.09399612906693636,0.27719624059776543,0.2453847502032585,0.15477742360231841,0.0684693974333929
0,2.3255474965087912,0.28542542414082744,0.2743504991246763,0.1652580746339919,0.04094709326988586,0.4247176287836716,0.33212044590646544,0.02435760834207057,0.012599149063914681
0,1.1373195910385792,0.01425455009568749,0.08680544791997717,0.15775078711218665,0.0036274766019345145,0.4520528498852293,0.1912275864863008,0.17874220329342616,0.016599096620922568
0,1.4332263409106658,0.2777906037492158,0.08118842639374255,0.022679884207788662,0.01688903841626802,0.5473176367214605,0.34923156486029805,0.05048022440463142,0.013401651389553362
0,0.5460620886172952,0.27926704605280966,0.3629121184608078,0.16085619908611862,0.07609562462235453,0.49681651807490285,0.1671636447651212,0.04250155033526872,0.056566463116234145
0,1.4078842785933903,0.14472720673704095,0.05394327983583724,0.1286821790861709,0.021419366328558308,0.3782450458015244,0.2828870953130115,0.1315737427420435,0.05719257072869149
0,1.067283154321684,0.29652031076402036,0.05830555872043719,0.15372390024578683,0.05051385199452677,0.5410488454211629,0.16881334954804159,0.06384396282861828,0.022056089961863576
0,0.7818935291675175,0.1169136181351487,0.12635836299195674,0.1771624394215011,0.0699700203747559,0.14846769712198526,0.33243219712052974,0.23970567626390335,0.0322619696973247
0,1.3589923234052848,0.19511967057761348,0.2551770023221816,0.11779097811862173,0.04465117153685971,0.4938920571489764,0.17667568147057247,0.10119240132689766,0.06579771039807207
0,0.690372275352211,0.023083005535207934,0.209392416246002,0.05067370620407228,0.06336444972880176,0.4122623737389652,0.4010196507582069,0.03473238750300818,0.03794743206694563
0,0.8571869197733,0.18690942931912838,0.44632885692220886,0.20244381594731117,0.027775739449214455,0.5337341205501875,0.14070903697765677,0.035911669511696886,0.059425617563933074
0,1.2888467356666617,0.23516643847175964,0.373405905934584,0.14144974142845382,0.06104970363778037,0.22450649139976855,0.35289262574069097,0.1629253980891445,0.057176039704161755
0,1.9724387171362356,0.18462125936900392,0.1652651279950124,0.10598179661855238,0.022357332907686114,0.4117604262802222,0.33634463931823366,0.10145330239064342,0.02210250248466229
0,0.5663312391207687,0.04492244441356641,0.548985652776865,0.09917389255258129,0.032269612737614126,0.1353042272382813,0.4506259493985803,0.23835732006914084,0.04426899800380224
0,1.0441720621003998,0.14422004962539686,0.09665912675109722,0.1403875146018794,0.023964613054997478,0.26272053741915574,0.37381746289274,0.17165531737808012,0.027454554653147403
0,2.286252936191488,0.05378924221517448,0.2663435816392191,0.1664321295534208,0.02565601890771424,0.4634464003878558,0.26466322203066406,0.054497953387931265,0.0253042757324138
0,2.3996570740211594,0.06515046287762025,0.2021490576418318,0.19117198738802835,0.047224208661490075,0.42200602306231855,0.17505458546030817,0.11888245540667214,0.04566074002118275
0,1.4472982482728538,0.23557190843833523,0.47956942361969224,0.12617664734616593,0.0009026150317753466,0.3860748298054358,0.3235725089820396,0.1074261113396301,0.05584728749495327
0,0.992325109632449,0.25100271344015773,0.2987529460744543,0.24030552902062022,0.07936465010067904,0.26422312259485714,0.2831167767665289,0.10794848032451193,0.025041441192802747
0,1.4988417377296321,0.13497304757934322,0.31836082994576204,0.06887225074060067,0.03923222411600147,0.5416976513876242,0.19137758547432024,0.10960125537607632,0.0492190329053772
0,0.7018580394512102,0.243607068923374,0.3213950437845354,0.10629738763078454,0.0452884486041204,0.42869960674286817,0.3194647654011875,0.08236527192029272,0.0178845197007467
0,1.5067716435954943,0.1540269354930978,0.41713071305740285,0.08148684375733947,0.028806374532459746,0.5210651237115976,0.30860251268025346,0.027548809529071665,0.03249033578927796
0,0.6623972095400271,0.026093181603926607,0.45835508951106163,0.16313712620947615,0.026672339499444905,0.26034697489139474,0.3666806448969539,0.11354938217020023,0.06961353233253012
1,1.7312165245826519,0.2311409622523204,0.1454944988397427,0.25211749734787803,0.02472721761193218,0.06717560456421995,0.5642296442316733,0.07220188707748121,0.019548149166815316
0,0.920735202708239,0.22791929040401607,0.4650405978409491,0.15913070683056785,0.029245968004583487,0.2422324006486908,0.39402548036380214,0.12318180932776625,0.0521836348245893
0,1.6674854709990772,0.2672419929026567,0.3700999545169656,0.13684799372527104,0.00636104858249301,0.14163022287310614,0.5068532299548208,0.14987127877442075,0.05843622608988839
0,0.9909232694020306,0.04320214125018903,0.35731145080019916,0.059822957702226294,0.012905083407722643,0.5388073257238439,0.24461759466502847,0.0980394104399678,0.045807628061211
0,1.2091205650100005,0.10828463639653049,0.4588280807877839,0.059326326093205324,0.039829139885835176,0.5534037920754334,0.12592403320323237,0.11566701502738666,0.10584969371490707
0,1.6913723196688828,0.21863259019039277,0.3279581566102998,0.06953155222965396,0.022578763909537166,0.453605624162155,0.3035402911176135,0.1384992732455179,0.012244495335522456
0,1.8313030545288238,0.06836758778691066,0.41117310377898725,0.12260883920860717,0.007847593023408171,0.16490084444810668,0.472286789895166,0.141121988576086,0.09123394484862597
0,1.149391019515068,0.2397338194143068,0.25771902534976737,0.04082148574022221,0.04245412048718679,0.5009742452843914,0.32933611361750253,0.07819807028703192,0.008215964583665166
0,1.0245165689180546,0.2595223433928697,0.2142037775496574,0.06049733546696407,0.016020702188303804,0.6297301741091297,0.11100926638913484,0.15393233276330062,0.028810189083166973
0,0.5471364647623578,0.29197551309496017,0.44538496772696273,0.284443234839823,0.03821596996760203,0.22414414201635155,0.3836824310127601,0.05366872868831606,0.01584549347514719
0,2.1426917677724036,0.1512948547147788,0.48645192268219395,0.15414868765659764,0.014816086175916425,0.4953266455027678,0.3044220941380326,0.020370103113927597,0.010916383412758034
1,1.931777718122269,0.040884321363128126,0.42059338458748446,0.19177942304166862,0.013718549117837616,0.10767740895376059,0.5828698836175162,0.03247762874884675,0.07147710652037022
1,2.44721215802347,0.0687481956546855,0.4474321705135529,0.03900274844416698,0.084860856061957,0.07902357919994767,0.3915709610162969,0.2854594289374811,0.12008242634015036
0,1.5373822958601098,0.010126187535912023,0.3797524618941377,0.12167325967822783,0.0008615772937416126,0.5411718024953107,0.25208253424305754,0.040930621880223346,0.04328020440943901
1,2.2907748224657487,0.28576671928399644,0.17315628168892866,0.01782490318583036,0.04720839827347314,0.48535420160531306,0.2798792053044119,0.13971531973524556,0.03001797189572594
0,1.296790738097304,0.20296199263446865,0.2014055277844762,0.20664218892624117,0.0580677466910105,0.26948481960719906,0.34067949408035936,0.04205762279677508,0.08306812789841489
0,1.2218013376131371,0.10921750393341163,0.42185192056762416,0.29252465663570293,0.06495695728708424,0.18458647698552894,0.21817915391924145,0.20321648666066963,0.03653626851177279
0,0.7520434996701195,0.11057856759348728,0.005667290414824544,0.1316769223485423,0.03279381506121608,0.4021141407132778,0.3456799919432921,0.06214536441807219,0.02558976551559982
0,1.323555099119082,0.057144926759729514,0.28513344542929836,0.16335889742946982,0.031320819188908625,0.5562103757184177,0.1285675410245954,0.1074624572437402,0.013079909394868354
0,1.5352773931444035,0.00933720744512806,0.12985118767383516,0.11946864587082369,0.05694285430399315,0.48666828924499334,0.12120863012182032,0.1680357851991799,0.04767579525918969
0,1.2818518987038199,0.22369038812049316,0.12393315063007716,0.14001728552672996,0.055640025931654825,0.5290830096093729,0.18419184612177242,0.032745311349156085,0.0583225214613137
0,0.7421544218149234,0.27010357750301506,0.3399768141330436,0.05709582587258725,0.01919964045648951,0.5039317821273132,0.27208587000272916,0.1342518749236856,0.013435006617195447
0,1.0038875505359652,0.25828342722216513,0.029091210400872324,0.14847133983068908,0.01982357608886772,0.5560837255684791,0.21641146963224067,0.04387226371297399,0.0153376251667495
0,0.8268637844105042,0.03831801401467898,0.44665299508469647,0.07156218997653062,0.02102777712794295,0.6621911182399313,0.1621657727446285,0.07298049071224234,0.010072651198724336
0,0.8053875380808199,0.04673422091895047,0.27224427660794354,0.08872397379517144,0.009415592400511161,0.19066590002943823,0.40287813250881344,0.27415939964142017,0.03415700162464574
0,0.9911992650973305,0.007651863967281746,0.5604848801444389,0.17296575665339387,0.03727958537461766,0.4621303319370103,0.2150587587050863,0.08118893312245054,0.03137663420744132
0,0.4141420678657544,0.0057149631329292405,0.13162249881140095,0.12395504676699774,0.05128127486362399,0.22362555038294119,0.45412577144879585,0.1042251261136483,0.04278723042399286
0,1.3741166573864652,0.2394927146632928,0.16391711925991198,0.16337252766775542,0.08287935151469256,0.11971862049696522,0.38036599932407755,0.2346547916377892,0.01900870935871984
0,0.6884140110416516,0.28381559595358746,0.1567730430452455,0.16532090286590836,0.022832646902446258,0.533227424799574,0.24412673555268577,0.005876845138679224,0.02861544474070629
0,1.2687515674354066,0.1955637637528099,0.31716171575206015,0.15706563156905634,0.011154369073414709,0.38960137812757584,0.2938501148622887,0.13978690402424937,0.008541602343415167
0,1.746245081545558,0.24149015959151815,0.5501274970146651,0.07948358871101643,0.00879363045224066,0.3463167944461436,0.33104000397568845,0.2156018871980785,0.018764095216832272
0,1.1516401613182365,0.14578414515971252,0.23282859083823826,0.0749072306860528,0.038962066104489684,0.4768521301315847,0.27753476029971075,0.0896946267774599,0.04204918600070236
0,1.6549535052906963,0.23137249562561332,0.36918668267906574,0.16971025005638657,0.03779397893527199,0.42943330850358163,0.23423471157397913,0.12026617194113655,0.008561578989644148
0,0.7350380299594929,0.2983506617475232,0.33517309417656865,0.26389981466337226,0.002921437878009259,0.21944742166585918,0.3570178934818349,0.08663184501353546,0.07008158729738896
0,1.1860071423695062,0.27214035892852795,0.22808045355570697,0.10902964410666012,0.0296558843648586,0.477196992044942,0.2188595327101598,0.09176558787712251,0.07349235889625705
0,0.9558055352902374,0.060989776259908285,0.09714426018835098,0.03517911737567544,0.05217907280921621,0.5325538607004348,0.21381701699270236,0.12121999548625559,0.045050936635715744
0,1.5100304346155893,0.26513268596521733,0.3897295468470442,0.04384906919805423,0.031992333086714404,0.4532347771824989,0.2873792238314874,0.13403868623206952,0.04950591046917543
0,1.8898402771429965,0.20044079587188365,0.2884918437193426,0.23223675681024092,0.06656892422294626,0.4032642798845807,0.09055697488364017,0.17521060290843282,0.032162461290159025
0,1.0975865488744643,0.18487617929324918,0.08198430022049619,0.09129634885567678,0.03134990017945524,0.26109529472298243,0.4251366553561505,0.1504604866871965,0.040661314198538495
1,2.7686721306569497,0.0016907024052118414,0.06274199023473216,0.05846901464284197,0.07402438312305805,0.4869925722102237,0.10297648287929873,0.185412314454672,0.09212523268990558
0,1.2261976427312755,0.23739709535112663,0.29827643680420596,0.14367944036797686,0.03733276384146596,0.423359601678109,0.253788690812467,0.12396299827572443,0.017876505024256858
0,1.0222895835974708,0.19583256106346966,0.42731391143469105,0.1697209597835847,0.0280945046495056,0.6253039921721671,0.07433616061820493,0.026734145049307823,0.07581023772722988
0,1.5193070766504082,0.204725358095505,0.2989496689700663,0.19018338741441415,0.044201988904000365,0.2861878455260122,0.31041728714655265,0.138411731753612,0.030597759255408585
0,1.2809636403403402,0.25906355323131786,0.4726986018000105,0.24560419929033622,0.012151367206832636,0.16905607950814258,0.3211701834973342,0.20964531262180336,0.04237285787555109
0,1.2459365733612828,0.19853314473610142,0.31391318875511376,0.10319933957472278,0.07659186893255442,0.26346409471647964,0.3315431700186033,0.15822548761026362,0.06697603914737639
0,1.535598626239969,0.2893330943058065,0.26229835070133284,0.2779671454688718,0.016310291493391343,0.4749996946748876,0.13128356846797337,0.019104244429437492,0.08033505546543836
0,1.0704598550109452,0.25686199095883355,0.26022917644019045,0.05255681945669665,0.042550886154537976,0.4860377229250631,0.33265892451578205,0.04411839525527267,0.042077251692647595
0,0.6424651770750145,0.07188549890154648,0.066595665769431,0.13871133341612552,0.02173883743135848,0.3912841902136385,0.28531736375903505,0.11979448136032342,0.04315379381951888
0,3.540197115246903,0.09163123515640999,0.4933430545267534,0.15099300213831635,0.06327098996402904,0.22570365005306603,0.3521384951950684,0.14299965313362814,0.06489420951589202
1,1.925451945145893,0.27737041957935243,0.5726371433126823,0.2272218003818857,0.04718992476808053,0.503398576649051,0.028632784246248388,0.14659399080596802,0.04696292314876643
0,1.349822111652192,0.0013674065439071347,0.15631471155055274,0.1996738230851643,0.010687362614450358,0.47905546490668294,0.14935331744055932,0.11308426517417483,0.048145766778968396
0,0.48996719522008325,0.13628761391087088,0.11028499854350989,0.07313036571792612,0.018127963094410414,0.4065145289983764,0.32307041893990757,0.11382594012346173,0.06533078312591775
0,2.074440907598277,0.0818901032535992,0.10760189075757305,0.17216474476686927,0.00784113122284025,0.4617295779154833,0.2509360037714922,0.10074418594968917,0.006584356373625548
0,0.7242601058516559,0.29526996010389794,0.45640268301457737,0.19221089726266272,0.06540250717085867,0.18193736358416412,0.44678664100530696,0.02764185820444865,0.0860207327725587
1,2.4210395505279134,0.2558663080803806,0.09797477149615719,0.3533713694726298,0.10980635648716291,0.3553861497594895,0.10646909169191039,0.05042783756642784,0.024539195022379605
0,1.7045604409249662,0.27221451701660043,0.5082493050544709,0.07245595116494892,0.04328899999454867,0.487180586231969,0.2697109052559355,0.09178479641567514,0.03557876093692275
0,0.7097374901928274,0.0841536072063273,0.3892158104015494,0.1328168287150821,0.04569518521841549,0.45850284716438156,0.31639997388085267,0.0354795391252628,0.011105625896005441
0,0.9742501277144069,0.21997173746657833,0.5430414266285353,0.03467798577622523,0.00025969766375807105,0.5546796279003025,0.22623734760544442,0.1466900384072562,0.03745530264701348
0,1.283391055178571,0.03434829518866165,0.18811991928556585,0.10971245847209256,0.07851440538616838,0.539459429937949,0.2383740935880335,0.014694170915185822,0.01924544170057064
0,0.8413282673186826,0.28587097769705655,0.342000186496308,0.15680655178579672,0.08085022211929821,0.4197198904169631,0.12567216492624053,0.12281896844352687,0.09413220230817457
0,0.4,0.1411920963983859,0.3372827340786345,0.08616699166724477,0.008688951756845363,0.28422167543163523,0.3876321085563641,0.22154457448594017,0.011745698101970275
1,1.0712180932454376,0.021298166373143933,0.004684244828200423,0.03054469569929146,0.051179019044380575,0.476770131545225,0.3144951031625552,0.0688919322106861,0.05811911833786156
0,1.4049539416134365,0.18538442428161392,0.24974866172918203,0.16845264918481986,0.06212406258523809,0.3246647812019435,0.29479929466263544,0.08124783128257838,0.06871138108278482
0,2.198786479709071,0.03980170863848265,0.1891007382526547,0.0703219769636265,0.026652045802610484,0.3544043216667424,0.3540532547887159,0.14756839738380714,0.047000003394497565
0,1.603208235268931,0.25846869321153937,0.553489197965258,0.06910741227622952,0.010950620614135424,0.4509077876964768,0.35887598742072335,0.09876984033133296,0.011388351661101784
0,1.4199735979747405,0.026193717361810354,0.34982537833640126,0.041679227420975774,0.012145369135093287,0.5239925522286107,0.21618730964095395,0.15353437396569483,0.05246116760867137
0,1.0304436993431958,0.15687554124354605,0.1583325142904278,0.07182517017011478,0.024751018240324347,0.5917080483893769,0.19995706411842817,0.08857581275560505,0.023182886326150898
0,0.8794498684864023,0.13685102573950422,0.07768722799855145,0.16702520298248846,0.048450454623789996,0.537603534589371,0.17329202154677273,0.03472686331912959,0.038901922938448213
0,1.7897093513795634,0.11797974714470112,0.430759667396289,0.11844234039202799,0.0326636928294445,0.5070991593358853,0.24801066374333877,0.057984813248444185,0.03579933045085914
0,1.1169601974059375,0.06372828446291619,0.3111895802656923,0.08379299200217429,0.04665119180941095,0.6109094789115765,0.20641406096814433,0.01233339848002396,0.039898877828669875
0,2.477191991879966,0.29371502940265054,0.4316236033894111,0.2557243763612898,0.046498571368067176,0.22954518807737934,0.3904234211948389,0.06557792809733826,0.012230514901086441
0,0.7720353611331312,0.15936746249616282,0.40837216372756635,0.050707244716033,0.06745322403912464,0.5242416264202188,0.2273687288749408,0.05548261493772427,0.07474656101195865
1,1.9631054338227703,0.01441515061753299,0.09564511143500339,0.14540631647798388,0.12242704287171229,0.17576440755301873,0.48754071927036624,0.04893869554152843,0.019922818285390515
0,1.7332791853210439,0.15860481592724118,0.31814798109943215,0.20441679392392534,0.028608216359717723,0.5565619831332858,0.11441607894369507,0.04617462910927317,0.04982229853010297
1,2.1125337495554963,0.047749196455241304,0.18399187355964766,0.028637727625636218,0.0821503383266487,0.5065622521642491,0.1665436575362817,0.13563000985795767,0.0804760144892267
0,2.4096684302486846,0.0383978184591553,0.08025975633460636,0.09357315025614016,0.02542762399815471,0.4884094378238358,0.22238743859522217,0.12542128170934988,0.04478106761729719
0,1.164995492914767,0.18990671096361358,0.4587974563901218,0.22795018461091396,0.07351515230439801,0.17767710987936305,0.2186842164550703,0.20053177328221813,0.1016415634680365
0,1.1285537355848358,0.011955995374506567,0.42735044540611855,0.03371096594262619,0.01585177423986975,0.6644001493227467,0.18859439798144978,0.05313747414248951,0.044305238370818206
0,1.5469987865792936,0.15509042159199765,0.11415765666161128,0.17311360756892832,0.05323611399620497,0.4771212868786645,0.14800131489220894,0.08191185503717725,0.06661582162681594
0,1.5783045451381228,0.18517880738382994,0.4006605310563866,0.03991661759424832,0.06473099021083546,0.27087160248911524,0.5191736902411062,0.029487898011462493,0.07581920145323232
0,1.9933410938062588,0.16448230858908677,0.410050690730109,0.12011695607692019,0.01608528652779843,0.48717110394288393,0.2593536622768351,0.10081817802039472,0.01645481315516763
0,1.9931154792895103,0.020662280519910203,0.10472502355566224,0.17629435502992075,0.007110611474981359,0.47260496825079523,0.19724611969465525,0.10403412409254653,0.04270982145710089
0,2.0259467455100237,0.02297647500851999,0.4947952060966875,0.10168469430521197,0.04393535695177844,0.46320677470315696,0.2559936143077441,0.09126973985986309,0.043909819872245556
0,2.328802747210712,0.28356680731622635,0.0770826025103398,0.12584663877523003,0.02271590312806114,0.6033083119561969,0.14698179872864853,0.08673809171610496,0.01440925569575853
0,1.0724628078697303,0.2827786036214037,0.5432503806145633,0.03626410131450253,0.04680357640740936,0.48392523645188246,0.32580766779045417,0.048492344335807284,0.05870707369994413
0,0.7518786314453383,0.035091057663730364,0.2781229643989643,0.16520732429142868,0.008920860177737642,0.6218072059708907,0.11830184582569427,0.06106563374597191,0.02469712998827674
0,1.2054691060645366,0.29316961780594225,0.048016753215479734,0.20941785332365995,0.03461583255153778,0.12005683530682801,0.45135802295595834,0.12129680660899213,0.06325464925302389
0,0.6801762306816364,0.14358155674756615,0.4830315518777916,0.21826730267198044,0.023371661849862585,0.155000917400066,0.44356949881874874,0.04497301349661708,0.11481760576272508
1,2.8513584736083963,0.12879893274518311,0.42927827355233045,0.2122880773996364,0.07378253129694334,0.44012261895233373,0.06893467945112078,0.1393985039891597,0.06547358891080597
1,0.7169233865083224,0.1914217980113194,0.03997373019395205,0.11082491414249827,0.08405913007300943,0.6520446120933043,0.045544736949169606,0.01992519677247144,0.08760140996954699
0,1.8499449821531897,0.021330766980903738,0.5166532563452397,0.06047440592119988,0.06163623957873574,0.33809607786325657,0.3703378499178521,0.10289968215545481,0.06655574456350101
0,1.3983601489302508,0.26303207807414875,0.201230090391216,0.16180484161285405,0.021049287161613663,0.21180556512672907,0.4373924478585426,0.1493703254257902,0.018577532814470284
0,1.3821562644099412,0.08730519079916997,0.27422526420489973,0.17602177203346572,0.008134301358367183,0.38808738927061726,0.23676424071059038,0.16633025754269648,0.02466203908426297
0,2.3304832403936238,0.13818854811911502,0.2103597571908405,0.05583800942407103,0.04083831477747724,0.5090750240475014,0.22315424603117878,0.15437811871401047,0.01671628700576106
0,1.0503579382340347,0.010692719113095939,0.2930552351929393,0.08591362650487724,0.020845396300122474,0.32380296132031416,0.4305492296855567,0.13056838712839292,0.008320399060736484
0,0.8773352658192376,0.19871950808589633,0.2743192661102822,0.06565966632108326,0.06383531432975734,0.5707571464865728,0.061913726475619234,0.16731042048545508,0.07052372590151236
0,0.9905397925414019,0.06355563553445576,0.39038378386262185,0.04686800007505715,0.013232345941982004,0.5912112087917037,0.2519868539045711,0.081277532525037,0.015424058761649059
0,0.4764365354020403,0.016766530901182342,0.16431270804360132,0.22742263564870654,0.024498958637335203,0.2918193613467501,0.3748414757955923,0.07059095671116532,0.010826611860450513
0,1.3269386186535939,0.23326615303309134,0.3703957799526311,0.14167201999693385,0.05023042227372875,0.5679534370035989,0.04604081735186559,0.133489221644836,0.06061408172903675
0,1.362441545597629,0.05732137715430011,0.05466753471230412,0.07749862742114337,0.014193240137735316,0.38360115785453863,0.25778463383702127,0.19338643064710853,0.07353591010245306
0,1.0724363635147363,0.15548356989326995,0.37429547544099134,0.0850693610373482,0.05230508381266788,0.5093238455046171,0.2290641841170599,0.10674075173967085,0.01749677378863617
0,2.697446539755241,0.14461889673276748,0.35800104656146964,0.05519775776227295,0.045846735815571235,0.5992248448203221,0.09040715156762283,0.13872066432282462,0.07060284571138621
1,1.6435557228521254,0.14638751777917805,0.26566448415110094,0.3282670592222462,0.046352326990486165,0.19310750461038592,0.057749092985830176,0.2755602950391397,0.0989637211519118
0,1.1208803569796335,0.026387756567760778,0.02270578337625646,0.030077949333905535,0.013102761997347988,0.533879743044095,0.38666323461345165,0.006674066659950361,0.02960224435124946
0,1.7590683736066004,0.245023111771118,0.012779103775413048,0.20360163645271606,0.03204958954664893,0.45396645841456307,0.0783587571896501,0.1464642081358394,0.08555935026058242
1,0.8144728680779336,0.24305099833723395,0.2718356451378957,0.19472014719501893,0.025757777728617887,0.07296110271735322,0.5738622447405808,0.0572184899494502,0.075480237668979
0,1.711949424330451,0.1519606993887276,0.2837588080288194,0.11622966737048124,0.02270943196730639,0.4395628930906346,0.25972634982468207,0.08926084317501873,0.07251081457187687
0,1.3023469417937013,0.26031474776121977,0.4053116137695025,0.18048659210233514,0.015166257559989096,0.20171552494934403,0.46089758934956876,0.06913659862253776,0.07259743741622518
0,1.997946264827465,0.26741677084073445,0.2400449104090661,0.1810121150279923,0.05582820903470639,0.2443984656423804,0.32819581835167216,0.13050593650926987,0.06005945543397882
0,0.8509999091050525,0.10011870375245216,0.2977391776336892,0.035680864791572856,0.044897657211907714,0.3006497336049127,0.43780835552107844,0.07626876849432915,0.10469462037619914
0,0.7628535838922421,0.034333271529863964,0.16307061540980794,0.06341945822934032,0.014877765501459968,0.515446195706373,0.214985788527416,0.1249069831220666,0.06636380891334416
0,1.642021327888815,0.11413278457628993,0.11057641311162603,0.03479107711027053,0.014792384278353093,0.46166049675890924,0.19806701095991858,0.23019402583508025,0.060495005057468264
0,2.3248347925197956,0.09940959261219129,0.3486973503862075,0.12622533488152715,0.03648159418142472,0.30867799889288694,0.2864526892505565,0.15516253531630592,0.08699984747729879
0,1.6051842464222577,0.21880251382173732,0.4586904383920059,0.20780762348728293,0.053994875895415566,0.18176492764342267,0.3263392298484089,0.1741389927240501,0.0559543504014198
0,2.3925541243452915,0.1248573603623906,0.5432784727464139,0.03709141989672568,0.04220465904807653,0.3036805855292287,0.4239274565812928,0.10032007883517831,0.09277580010949803
0,0.6495502241325037,0.020453838858691308,0.0006699006286888131,0.11367116719852989,0.03981093915132864,0.4484495432869766,0.25885663423873195,0.11216885018721598,0.027042865937216873
0,1.979035305578988,0.04338498400182287,0.3892127497687308,0.09179938050954506,0.03300476037287992,0.46447681429693205,0.331052933176122,0.040637729675900035,0.03902838196862097
0,2.048064499087197,0.26040167073148224,0.5120805910811249,0.15093567217762718,0.07408559537208213,0.32769769816801075,0.22667825887448614,0.1723920150345025,0.048210760373291216
0,1.2946958412312015,0.2123724024980323,0.11619245473597128,0.2221209684662053,0.10061818011978592,0.22867873262848812,0.17343375901666908,0.2531848643172057,0.02196349545164587
0,0.970046330208126,0.1357875205261492,0.29099241116910707,0.13181800565819493,0.03598821228871501,0.5207027439876837,0.20416048089171623,0.07505176742920626,0.03227878974448387
0,1.0569504074152767,0.13871057299003756,0.4072237118468976,0.28635249786449457,0.054902909110988156,0.11165716713995516,0.2852066558085368,0.1870626272136606,0.07481814286236471
0,0.733670700882654,0.23201957208361443,0.16345306684741834,0.15566272091257916,0.06382649298261574,0.32450110564148266,0.2389851955121774,0.172299451597226,0.04472503335391898
0,2.791926392746284,0.12228932530688763,0.08724158256714644,0.15931890915528757,0.012301591546678056,0.4945466833542158,0.15594263058798302,0.14706732093437155,0.03082286442146412
1,1.444710676767731,0.23656964866545954,0.043774614090675575,0.18915996668328874,0.07527553812342719,0.5703622484398424,0.07722467878190217,0.058877240507535115,0.029100327464004233
0,1.949777564580899,0.031854418914059386,0.5131837397763025,0.09911206221175327,0.032229567451594804,0.2282157852278168,0.23849920749660258,0.35286727973512666,0.0490760978771059
0,0.6786601934607681,0.21445037184348684,0.45949103764450316,0.11208677719388485,0.03138521643710723,0.6645429831059705,0.11768986109014401,0.04797819553543884,0.026316966637454635
0,1.0148344843035333,0.1371171027700649,0.29827289706839993,0.22452860141258776,0.032455522943435774,0.42531017453840775,0.09663446357159204,0.16948864169026212,0.05158259584371431
1,2.0349542275640498,0.021701862560767192,0.07955010217099823,0.2513101032875605,0.058457512418565824,0.16144876894850407,0.48982192648576167,0.021481858057350173,0.017479830802257634
0,2.0183455377159176,0.018800874384729948,0.3420797054534721,0.14678983517439542,0.06938998384291323,0.5480381144349363,0.0902185651135521,0.1057505104448871,0.03981299098931588
0,0.9669741688255501,0.017010524474228603,0.5198692577422396,0.06790567392653975,0.06692691635795904,0.6722328876514619,0.12705941073806684,0.010805853208935564,0.055069258117037063
1,2.1721867093459957,0.024172234530742274,0.08758394371643263,0.37746060555413524,0.10364017710119221,0.11916974391861224,0.1399902985951799,0.12845720132660218,0.1312819735042783
0,2.35087449607858,0.042784043688903206,0.5297483106774138,0.022238115691490992,0.05378903317141063,0.39545086268136387,0.398242320001731,0.09326891133624135,0.037010757117762284
0,0.7096740723715871,0.2505649021626576,0.13107949955000464,0.12370135508398089,0.01833580905670519,0.43828655237304603,0.261030427313724,0.13108362710335156,0.027562229069192392
0,0.8637525449023132,0.06078720589876935,0.09366408405578217,0.1987776044523618,0.026921136823211272,0.28350682476034245,0.31410412293119355,0.11073779165379398,0.06595251937909716
0,0.9983176352148035,0.024402482278005188,0.19915949348875708,0.10324332915633637,0.042752506671207856,0.3980491528764674,0.29887037476325184,0.12620686238837256,0.030877774144363927
0,2.043378118334162,0.2109699682702319,0.3376669283468252,0.06544853157269284,0.04163085220077141,0.2221150439384986,0.3387712337120182,0.23453038973190535,0.09750394884411365
0,0.9160308728389561,0.07784423609938641,0.3352328696645485,0.16131916352124312,0.04682181622820534,0.2211657325423884,0.3729554746573726,0.155005787019668,0.042732026031122326
0,0.8233247728307318,0.176914411546284,0.2730068280757377,0.1015058606947119,0.02595960089848979,0.1472114925443628,0.507206089809693,0.13014722502010576,0.08796973103263689
1,2.1555918082459846,0.16840061671422676,0.08843511753765716,0.20562851263999302,0.04072808087412731,0.24016026076412883,0.2766137857109341,0.21686248821307044,0.02000687179774611
1,2.932068185878031,0.05004472264199392,0.3315906121955929,0.06678762560558214,0.07565813025854944,0.361319620335409,0.25470977617686763,0.22118608636145393,0.020338761262137916
0,1.3812571839036532,0.19482524770507234,0.010345631246991038,0.20336576786226362,0.06976469407135617,0.5336394100068216,0.11008141541011492,0.047888373747966714,0.035260338901476916
0,1.557875375432996,0.18550740934357998,0.1636688087201202,0.13690509470062576,0.009532153482774036,0.5568837757901263,0.2316447231438746,0.048983920680599646,0.01605033220199979
1,0.9433344119922464,0.22096679568156102,0.19353234578886283,0.17784972380344424,0.015472768011945155,0.07058982564076668,0.5630201642096356,0.06825347300881704,0.10481404532539129
0,1.1829544630558821,0.08090472544271497,0.5654491061496418,0.15686652470799192,0.01290324568037097,0.3779787294605672,0.32309551695347866,0.08453003485410915,0.04462594834348199
0,2.3980448719016083,0.19966065169159067,0.22849062457695657,0.1231050492977931,0.04757791748455901,0.6209621015434855,0.12249824918046036,0.05025632972276244,0.03560035277093949
0,0.7134494658711378,0.11184546160894644,0.0929193015031059,0.1331353888709534,0.057601392678134994,0.563149619641951,0.16657800522146468,0.05172647307662797,0.02780912051086796
0,0.4,0.1752305543947144,0.1357110725378066,0.2160042683183667,0.041116428122120664,0.28085007181635346,0.07882482861245282,0.25180921093556574,0.1313951921951407
0,1.6000514063284519,0.2942422874535566,0.32855353072033033,0.11221113173198717,0.03610689034629231,0.41221988838466267,0.29401367160110997,0.11165775814217827,0.03379065979376952
0,1.4207719304937896,0.26293678513000907,0.013173211471514401,0.12917168119757488,0.015720676863784026,0.4207521504353591,0.3644091714164088,0.023778060555956132,0.046168259530917084
0,1.1437704690315385,0.2830387208780789,0.07905181206858826,0.19466595933924757,0.012115747503867163,0.18703252550079338,0.4246394390080952,0.1691479484158243,0.012398380232172454
0,1.8085731184578115,0.2876168758171892,0.5754809129012776,0.07139564093840277,0.010471462155174385,0.5086721148037877,0.3341338817015669,0.02978516637390051,0.045541734027167755
0,0.5673771290467831,0.26764657593755836,0.036189064186777295,0.1750628487256178,0.02891021242199989,0.511973919015051,0.2101044351776378,0.06117418679296299,0.012774397866730514
0,1.6062126866647453,0.10102735913717714,0.19068336141901465,0.06244320268715428,0.0015709324627604002,0.37566662153459424,0.3731586583083295,0.13115879725568153,0.05600178775148012
0,1.3707329473808478,0.25456053824129604,0.1943123530163448,0.05299548217357793,0.01942496422146783,0.1695583715597147,0.3735842693163007,0.2922023309874743,0.09223458174146461
0,1.8058064871439097,0.07933928593485737,0.21936471057018805,0.11712857058432544,0.01844372432017997,0.6620271785322938,0.1402855811684271,0.024836215998480526,0.03727872939629322
0,2.289256220635267,0.2785132495476969,0.21296487424787358,0.1058395301025087,0.04739878471386895,0.25694944822058974,0.37117071582144123,0.15707268957989903,0.06156883156169232
0,0.5166714523483753,0.0653019702960691,0.111727604031945,0.03305143651567975,0.03527486426166683,0.21867336201028312,0.48023080886204117,0.16844638357532885,0.06432314477500022
0,1.417080641714096,0.04912551106329157,0.43385586455914316,0.07627731345493616,0.008708708230928607,0.5551385038171417,0.2514454143358041,0.10110030562289889,0.007329754538290759
0,1.2056148725565068,0.11380214282509542,0.45758406822510106,0.20880265739171147,0.10503366517848643,0.1563506945328786,0.4304309473766571,0.018925179145004183,0.0804568563752622
0,0.6043805628272929,0.17333445330700323,0.04322051882031828,0.1946590338497346,0.01087300507654229,0.32093328450874814,0.3117499649947536,0.11869025604429496,0.043094455525926376
0,2.204952292556907,0.05304034759391694,0.31952794939248563,0.099166955082035,0.038589712824413015,0.4165055862040342,0.25913638846536247,0.1368079440359733,0.04979341338818212
0,2.913589579183771,0.10091242792951295,0.03824546517979603,0.13993386147831458,0.02176895903549054,0.4462937237976998,0.18178224367989942,0.19256277409595973,0.017658437912636007
0,0.8487774041433818,0.23256089402729155,0.029831566437014477,0.05898855671045841,0.04875581019415766,0.7344884904126152,0.1140901471849969,0.023549459614712488,0.020127535883059267
0,0.6445001180378471,0.19786066162006924,0.43357652229282834,0.1427708606163578,0.074163877504836,0.526476571283546,0.04071018868965811,0.18856082528582832,0.027317676619773707
0,0.5889590509152441,0.23301197955869957,0.16939689894196902,0.21851425176478076,0.031479725557308866,0.46088701392812226,0.10590211395413865,0.13322313040120728,0.04999376439444219
0,2.147361724835248,0.1660059699211069,0.11521324308420815,0.1784762398983545,0.0550406605581638,0.4417355595237421,0.16944561742768774,0.14517504195661993,0.010126880635431941
1,1.1066176824874752,0.19972704072439,0.18537344993664745,0.38737463357330126,0.06446374412419612,0.1635443862480657,0.21740907511261867,0.13841964498386575,0.02878851595795258
0,1.839511032962454,0.07450767134760757,0.5543226416441462,0.17279110956111782,0.0195754847186042,0.4125736895679124,0.2209164719639744,0.12660438554535192,0.04753885864303927
0,1.8294145076288442,0.12809253985054875,0.27857926107979686,0.04500445086022326,0.006834607974747414,0.5507828935085171,0.3061105849519595,0.07297248995878336,0.018294972745769363
0,0.5228280220685032,0.21757980139232638,0.025095385610432785,0.12121984617258146,0.0018571911577171974,0.395369501787116,0.44923417545085687,0.016828045203206736,0.015491240228521717
0,0.7524659086387433,0.059597373534657015,0.05787617149908932,0.12529603035245795,0.0005441988354486965,0.2787516955926175,0.42837251564954726,0.09276010986161001,0.07427544970831865
0,0.6863515166498255,0.050526257519313444,0.3800589299111887,0.18017370580825753,0.012562197807443276,0.5364231220245921,0.1727500261884711,0.08388986779783263,0.014201080373403554
0,1.9797672379182396,0.10737129533838559,0.1693404948130283,0.07539629585844289,0.032302691823250636,0.525053621095456,0.2273619293105713,0.10795202102136421,0.031933440890914946
0,2.1786338021077394,0.004060140817323821,0.27762822363565104,0.11380719409206302,0.049292007159628504,0.28625036522288766,0.3921847847996632,0.06685958649070872,0.09160606223504882
0,2.2619572105783186,0.11952025707748955,0.3166291249744994,0.2032218112677466,0.05471604120210463,0.26507612907020395,0.19078082847348524,0.21929551238123773,0.066909677605222
0,1.2185193579736926,0.16677594043607002,0.24674583663458177,0.07473623031213361,0.08787847946382306,0.21321046006466757,0.4193432549766112,0.1388869312127686,0.06594464396999597
0,0.9460233901894208,0.21547605208710757,0.25837964344825204,0.14478268644782968,0.05840316239561243,0.418606919385325,0.22537379104753613,0.12299330552012552,0.029840135203571223
0,0.8892599197252842,0.19783075211559895,0.4968605035664596,0.15083913744135102,0.011919482082997772,0.6659804411097939,0.11340875301137553,0.04504917378128441,0.012803012573197431
1,1.8723966598096022,0.208733003417435,0.02611312701993318,0.18676109258424892,0.022867419469800514,0.6060259185029244,0.044016642101262576,0.1094040083016752,0.030924919040088317
0,0.9947818569662581,0.07929908754024527,0.43836209354450884,0.17853857965447997,0.057440052070328214,0.3999922747723657,0.28609803916181403,0.026896606824345026,0.05103444751666713
0,1.318959551170721,0.27991186806355645,0.543186173211844,0.2481096804407999,0.09869656438852739,0.3099960513885139,0.14832108134465136,0.08740903115569049,0.10746759128181704
0,1.6300064491716593,0.17699223104650547,0.5081747617904716,0.1977892322086886,0.036203989239472496,0.219755431821789,0.31295134746061304,0.18267797812046696,0.050622021148969826
0,1.5018260059476622,0.0626541714683855,0.25884987778545115,0.021824879915331982,0.048186083439040225,0.5393005610205044,0.19084961635836878,0.14081974951344436,0.05901910975331017
0,1.0867098259662933,0.20385012190707585,0.025311813127174874,0.06794266772300528,0.01296223013930867,0.6310824682940569,0.18962265303443201,0.0846071807881987,0.01378280002099845
0,1.187400574279845,0.1244049436710622,0.46227919914083365,0.16726754816143363,0.013577409898018046,0.5775574770619223,0.1496028899272035,0.05773031881949174,0.0342643561319309
0,0.4,0.16085957289636174,0.37637903237487136,0.13671797485806697,0.034526013521879576,0.3955995205980828,0.331074734844959,0.0963033904942759,0.0057783656827357244
1,0.8906035526343623,0.01624390521232949,0.3738020869287254,0.013666651340509742,0.04713193113664957,0.5025574252617878,0.24775882376554612,0.1429074616704138,0.04597770682509287
0,1.151761051648946,0.2803148441662211,0.4005582162003833,0.06152947170922478,0.01447510785030296,0.5794714798731644,0.1836639118250608,0.10989096931180627,0.05096905943044074
0,1.1630018211568776,0.20637686627963578,0.23848537857074548,0.15239119865371414,0.12359109160028688,0.3383994739219019,0.18070132840453715,0.09551547080147622,0.10940143661808367
0,3.5348322061668966,0.06875400960463693,0.06801565933969524,0.20363222095410644,0.0003707168456315632,0.6503107607834303,0.09930175199160175,0.023022112267668232,0.023362437157561502
1,1.4098639157723494,0.2628884044208313,0.3695794919257494,0.058763877748984325,0.0036816142964336777,0.12152150014839543,0.6860885980299634,0.11567314373299246,0.01427126604323071
0,1.1314770469546451,0.1356964033846067,0.353785160954232,0.1431138460840263,0.004415294058187519,0.38491571169155697,0.20493622564365307,0.21085679108023633,0.05176213144233984
0,0.9541944386185488,0.02757937447007307,0.10696913890594902,0.1183223165935346,0.007275622580936859,0.11692552477104992,0.48648596211722916,0.2384515846798245,0.032538989257424926
0,1.4967471041535354,0.25743714406676355,0.4275948431607942,0.06152675832906609,0.019994336536142156,0.7573350775823634,0.043716107478231854,0.037233033682206235,0.0801946863919901
0,0.6973096429855532,0.20769115327737034,0.5555091875989919,0.023456422127893374,0.03026637606127369,0.43775223405359576,0.3242461546348997,0.1235828804321352,0.060695932690202445
1,1.8151623778000436,0.13657813124103804,0.04425302615234896,0.01215642859244885,0.030870069609139426,0.6119605693398743,0.21606212004732392,0.07576789613702835,0.05318291627418511
0,1.109744770010064,0.08920381081972441,0.34008480188403906,0.2248912227070899,0.02966254044212426,0.3409508791853577,0.24808768015062013,0.10211951930102757,0.05428815821378022
0,2.9379147299919866,0.29186607073441106,0.14646394113161756,0.13261021019843502,0.01025572851701254,0.600843374443352,0.14565192851091174,0.07375875936684485,0.03687999896344394
0,1.3754979560253342,0.16239173061480056,0.3317324195899618,0.031125629567132433,0.03522917898486461,0.17196418269357114,0.4710194594316399,0.22063583972526024,0.07002570959753157
0,0.9896392493534603,0.26956565544349204,0.24768435750697854,0.11709889371871386,0.05892468494519922,0.3134223124369842,0.33328160691670206,0.12722042568385744,0.050052076298543254
0,1.6151390671751575,0.1611024644242636,0.09739848016556116,0.07130124988455348,0.05280797357366618,0.5203634965973517,0.2465550474196461,0.07042914088053208,0.03854309164425039
0,0.5224528284666686,0.023209518809872997,0.5130099945594166,0.14339447467222116,0.072910876505302,0.5015526006057277,0.1254291833601115,0.022299024233644237,0.13441384062299339
0,2.718558139980754,0.20717599670464934,0.07163452667218825,0.1317635206298393,0.028711194225625868,0.493948087859164,0.2622254674533189,0.054615756926210776,0.02873597290584132
0,1.3722786760369892,0.2272219547762933,0.04412536724574898,0.1220215545642582,0.03397130696081392,0.5092744808712172,0.13276730554942895,0.16065024745518475,0.04131510459909684
0,2.7644147953304143,0.0027146638570039626,0.47886407747293647,0.17369046930489884,0.03579442400560847,0.3445377615433916,0.33083213043281184,0.06868795558680967,0.046457259126479446
0,1.125430937164741,0.21757977870760106,0.11354701786199467,0.15771117747607388,0.019365297168960297,0.46182548334749346,0.22891214527668843,0.0963570890339458,0.03582880769683812
0,0.7367552887272739,0.011569557318349421,0.5122206421260067,0.1654633948877548,0.011167943728227995,0.5657315691929605,0.11960293603706156,0.1175770833351432,0.020457072818851754
0,0.6781818765943007,0.2001584841602316,0.2534953481583914,0.054671813286119995,0.039900389780873166,0.43555356512434845,0.2682452878573377,0.1320438967040609,0.06958504724725972
0,1.3731652736660036,0.22235309391699062,0.4805246867519794,0.09328799113920262,0.02486242485446078,0.5822250202753811,0.24463363627705817,0.03420068580504557,0.02079024164885172
0,1.012310625905698,0.12271782742733477,0.4532509784345946,0.05939970072591338,0.0062954190764658675,0.6888180784269042,0.17772700737039718,0.01176593270150191,0.05599386169881746
0,1.7365300720721004,0.2661901367894262,0.11115968035196278,0.17297716464099988,0.035505847528703026,0.390683775957035,0.32392829049309846,0.05921891223534076,0.0176860091448228
0,0.7635114430485979,0.29556928139242894,0.16364764746854146,0.21113842383317177,0.06939123384928,0.4650208378102398,0.195846782556936,0.010106472732509102,0.04849624921786334
0,1.8424562437639374,0.1190149857128402,0.18922802935752506,0.1851749735185204,0.04167031740733441,0.4324167762024145,0.2562853294084484,0.06091324561274121,0.023539357850541107
0,0.6826112615966378,0.09030650297637767,0.2508441788046462,0.07937207042917409,0.05325242690102087,0.605639780373793,0.1417145794512681,0.10864783603023791,0.011373306814506167
0,1.5496077995915862,0.24586637963958452,0.3860996473150663,0.05528330853438426,0.10240178772956857,0.44030381313159356,0.14863539698651432,0.20850607984268313,0.04486961377525615
0,2.423240962094098,0.22974448182931803,0.2443523899795995,0.059613016778605116,0.032067402324404394,0.5327364562128858,0.23189324985553075,0.1114419383875348,0.03224793644103928
0,1.498481363002921,0.26805850255270736,0.06009557764745801,0.04059125157642272,0.030641831710647636,0.3290637331489121,0.37485216341695066,0.155120006399971,0.0697310137470958
1,1.7264905352490807,0.17879933576648382,0.12687188861969637,0.03415259354465793,0.06961126197371066,0.5703204512655716,0.08871815126742741,0.13860815520930225,0.09858938673933015
0,0.8485119433634385,0.20394734381408264,0.088054086893303,0.09287969603277445,0.02818434254411836,0.43729020274565283,0.2525968617705503,0.14138683446805722,0.047662062438847005
1,1.8959914500045514,0.29847103703443034,0.43866920265419135,0.30247175739901233,0.08969993157185831,0.1724112601233473,0.1612388973412947,0.17070489288789245,0.10347326067659499
0,0.6910024579234806,0.050838965011574595,0.014765943653902158,0.050610331254973925,0.03119502832194446,0.5988280672949726,0.23028666492176744,0.08155687614300887,0.007523032063332749
0,1.6291782002344206,0.2185632629721361,0.2458089970867661,0.1377409311106354,0.0420736856322274,0.31428480367024014,0.41771501721687565,0.044781082665266016,0.04340447970475531
1,0.4,0.051270643107565815,0.3399181128822594,0.28006818656600735,0.016399179523220484,0.28831733186878694,0.0795100439835795,0.281425719518661,0.054279538539744744
0,2.5421784649993184,0.017017464267803838,0.20918898738685707,0.18161053150877685,0.024168304098750336,0.5221053688709494,0.14344852014318601,0.09881971223708318,0.029847563141254335
1,2.374707127486107,0.1022206477879679,0.3960230393785704,0.195707920531344,0.07890723419800742,0.2998134992752278,0.2394456940118912,0.13638317219918777,0.049742479784341834
0,1.476934308453039,0.19237394298546404,0.5962570306962914,0.14324308636763916,0.008215921709815513,0.4076169774995143,0.314144394787453,0.11932632946138065,0.007453290174197208
0,0.9977285449715803,0.2865765470386901,0.20513630964647947,0.09220057074453084,0.04571834147390974,0.5811328980508655,0.17863110393205403,0.08527769852486643,0.017039387273773333
0,0.8107877364739877,0.17483870478246052,0.3905743464436158,0.14601750969937444,0.05670123096524583,0.11576984007313727,0.5232903771408629,0.1256680387203466,0.032553003401032954
0,0.6845673088891233,0.062209384237393,0.3514984828843989,0.05544244865271007,0.08816468541719169,0.277447237527409,0.39124458881566027,0.1266224152735421,0.06107862431348695
0,1.1466039660399088,0.17304766205775313,0.22083228112638636,0.13394132552640498,0.0701116184450201,0.5657176306978825,0.15604574316009226,0.05203416078152471,0.02214952138907533
0,0.9211302975810909,0.2766806459259463,0.55570487908974,0.12187595448252898,0.03182194782170783,0.14292807350474052,0.3919537751519078,0.21560784852653295,0.09581240051258202
0,1.0074537282934568,0.1272270305084166,0.4648721738038279,0.07765159864500183,0.0562606989406945,0.691520321139134,0.05787843038045453,0.08313660039954437,0.03355235049517082
0,2.157777366748424,0.16191109601243667,0.4115087646231619,0.18328282759376885,0.03326243555938258,0.5214507812780454,0.12579043707188522,0.049365682358892736,0.08684783613802519
0,1.0957771927348423,0.1431156001621365,0.23482066660120335,0.18486273599979858,0.1328769396134407,0.07215584754399973,0.2880117306055158,0.2193326823631071,0.10276006387413822
0,0.7075201831804065,0.23008710747914218,0.23084900887770476,0.30674501073784904,0.002537486162327527,0.37123792949296164,0.13095340766502045,0.14620983271681143,0.04231633322502993
1,0.4,0.2497638114600066,0.04083053285134248,0.06361115738938224,0.06580119342537817,0.43760067767349553,0.06049658202627437,0.25677924747702946,0.1157111420084402
0,1.4093988049602797,0.29710303479231304,0.20759745286179995,0.130403930166293,0.018191167154208897,0.4816448934738571,0.2482449513872675,0.08842466228627231,0.03309039553210119
0,2.271162929658486,0.16933217929460917,0.18343156313294406,0.051978468489826575,0.007860115162365285,0.43090609139535124,0.3301148056167832,0.11666177696095409,0.06247874237471962
0,1.1301106727818573,0.04163420013678591,0.40422924942145205,0.1720324229357596,0.0486190302682672,0.3716030128434053,0.33420045459843917,0.06019986312308354,0.013345216231045096
1,1.224142699698052,0.29366844127728753,0.019476967263860966,0.17880961091054534,0.08428574950386836,0.07331833385589322,0.5332145711951765,0.11610110604511593,0.014270628489400703
0,1.4741158587370464,0.2779523711668013,0.38982202229630303,0.18553493665717125,0.04241557140025635,0.44493769150373946,0.08072224486323142,0.22010487272638943,0.026284682849212128
0,0.6846203533352968,0.1359482256578636,0.32066856801230365,0.13196654766956167,0.08304780447211729,0.2664630762358274,0.36359358944696923,0.04715051476454967,0.10777846741097469
0,1.1374595362879454,0.18476788470453112,0.17107403423470716,0.2292726141980842,0.06933057879521615,0.17963369185386377,0.36593438542442325,0.07524591062864724,0.08058281909976513
1,0.4,0.031128947803679363,0.5387422012320691,0.18274455963049419,0.04899152100483732,0.5286196869033366,0.023573561934649892,0.14731804067601614,0.06875262985066587
0,0.902045133967275,0.18466741633568237,0.1540660806359874,0.13979151999636566,0.01761852854616489,0.42649741861471396,0.3304106002623672,0.04924297858882618,0.03643895399156202
0,1.241229016753651,0.2533099511953799,0.36769717022765414,0.1647214914082845,0.022791670468113617,0.15262016917231916,0.457378867955816,0.19200944722303012,0.010478353772436647
0,3.870058333484502,0.1706590022179664,0.08596167825379206,0.1509809141851327,0.05698402698516437,0.46067875634496774,0.229461303411052,0.07341264667013421,0.028482352403548888
0,3.4707322649470647,0.2975221523185787,0.31621406954055215,0.17140510455556252,0.02092830234231471,0.4298078800060483,0.10981634283062314,0.0977993465269935,0.1702430237384578
0,2.182309553789231,0.14654310395346173,0.521494963116656,0.15659464802625078,0.0037819485430059686,0.5239305988014128,0.20963330181420572,0.08104662012422917,0.025012882690895518
0,0.9177613164637302,0.05850957666952467,0.41662745440221965,0.16285106997194843,0.028235858808568617,0.5754219645970152,0.0350848515645755,0.13020972525323424,0.068196529804658
0,0.9915940462174611,0.00439992605769427,0.3456783579721914,0.036604134430825566,0.08097750255456312,0.284750659230965,0.36754912186845146,0.14156295635286556,0.08855562556232931
0,0.9271208727743234,0.27917564445388177,0.49576609014677653,0.2652466225097114,0.0530126668334135,0.1424768374041518,0.4373051386598459,0.08087929604957148,0.021079438543305767
0,1.4701155145286855,0.05249239036004525,0.015603940215794254,0.09173070485720801,0.051331174149238205,0.42021596916975457,0.3602996757471422,0.03569181142821052,0.04073066464844636
0,1.1561439840988523,0.04952510048460671,0.14783403494290775,0.1143608969748535,0.03482636919807938,0.44608159416077575,0.29418285636140906,0.09278667788606272,0.017761605418819534
0,1.9874269601012373,0.08694867279928342,0.005158904268704933,0.18030246487866086,0.002590375639734327,0.5501312616109171,0.09507006530915463,0.13481559500360632,0.03709023755792675
0,0.9655830023111639,0.0982652502469482,0.26648806243125706,0.1708378772888548,0.07799210949850444,0.5658106559090625,0.043856537377842675,0.12051299123847646,0.020989828687259175
0,0.6739979876516259,0.19609899043472548,0.5406581056839207,0.017867991318878947,0.05440058358573226,0.41688842604184684,0.34010788238066214,0.14622144364231712,0.02451367303056271
0,1.405117134380649,0.2504655059186414,0.43702168966093663,0.20763640733567756,0.007894886323940458,0.19030440668827275,0.40413163411446046,0.12359300246240525,0.06643966307524353
1,2.067662498125714,0.24957815749421913,0.19557164311144462,0.12848865430870604,0.0746353174102795,0.6213556405851698,0.05893855004421001,0.05995604502657304,0.05662579262506165
0,1.3498510610152183,0.16600205376189828,0.12181956801299999,0.2552770116423604,0.0013674565531385065,0.3536997864489194,0.11741235836135738,0.21076990058483075,0.06147348640939347
0,1.1073212633355973,0.05052745217551974,0.592493141955855,0.12942765131746162,0.05348405746610601,0.5359275314101911,0.22944100107494875,0.021908456992721596,0.02981130173857083
1,1.4807854583280258,0.16106290230146983,6.670770954673166e-05,0.20829149810492154,0.08238024105073796,0.6269205003896678,0.029170927681720155,0.01691916847897375,0.036317664293978744
0,0.4,0.18220210697585934,0.2366565443959921,0.06347344702957983,0.009825304087884398,0.4339630691935151,0.2843922304890732,0.1102176916697878,0.09812825753015973
0,0.4995810070915846,0.11379745488671113,0.576738286697133,0.07545744315942139,0.06479599740914906,0.4330644628137822,0.2944822643476038,0.07605787586132201,0.05614195640872157
0,1.620111780618727,0.2837300181971527,0.5584070731156269,0.10165882977627032,0.008944434351554478,0.42785788696859983,0.34311328876112424,0.07240932683875681,0.046016233303694316
0,1.3791682298202197,0.027585764203248476,0.23095352459677856,0.07587428349710887,0.05770528593911159,0.3961490327057938,0.2115965526743288,0.2225331077268853,0.0361417374567717
0,1.3513160910982513,0.15710147401879485,0.3308988762934882,0.1458243845327777,0.06290345844512993,0.5697904663089896,0.17076061408169574,0.009131176762195834,0.04158989986921115
0,0.47896381395414045,0.2853050927553321,0.36595175632522425,0.0992341031632591,0.04668912956781571,0.4267712874163736,0.3117410964582842,0.04046807661768978,0.0750963067765775
0,0.9665154786844188,0.26687163954949294,0.40781875722079425,0.12218613929781165,0.08737460872773327,0.407759406196936,0.08641858725620054,0.2238142793574924,0.0724469791638261
0,1.3005571089773942,0.17118910658915992,0.2815614499660133,0.08284437957693165,0.012469346210651005,0.5178587364123619,0.26453070611950313,0.06908305308053951,0.053213778600012834
0,3.3919057226309386,0.22590922274315514,0.3693106830598821,0.13600500387118633,0.07475605188719989,0.21298565240901324,0.3719751022440414,0.1502896423154744,0.05398854727308479
0,2.028727045735543,0.04281783158769124,0.4252787187537818,0.08455902347374002,0.059414868134861645,0.3337104095691988,0.4766844371537193,0.008405793101892822,0.037225468566587566
0,0.9318751597323145,0.028558748716246737,0.5416046387367809,0.037096590241878995,0.006735512828790004,0.5119418149123428,0.32704920524051473,0.06611245972059943,0.051064417055873945
0,1.1201186106127108,0.06150311121602459,0.12344860767025442,0.1485046038113981,0.031420735164701376,0.4600251155347298,0.24549192421134608,0.10567192711625903,0.008885694161565661
1,2.029854060793732,0.19365181712809787,0.16114435883565512,0.27248099188998026,0.08283568634425334,0.05205666794237926,0.45881932433891237,0.11643605552820671,0.017371273956267894
0,0.9697419970423304,0.159185516877649,0.1298168215587059,0.16067148056016914,0.05176590426693016,0.5195850312404551,0.16988565117563634,0.04076609403449545,0.05732583872231401
0,1.203996271885583,0.22057735783042431,0.5207257999972782,0.2476640302444803,0.05422483479626135,0.23311690769147686,0.3300373365688967,0.08879372043378045,0.046163170265104324
0,1.0698741338509326,0.2354347901255902,0.5831082175183189,0.17858195353107406,0.0624682154823296,0.24867955326588742,0.28869627357937944,0.1809890117477882,0.04058499239354137
0,0.7212393481055017,0.07083970733767704,0.3428216311641292,0.07830808898466261,0.08980429557934629,0.38424292546194383,0.1694708689516349,0.23362782747614105,0.044545993546271236
1,0.9276223700060144,0.04246791434384973,0.23895850157581677,0.29008599801675883,0.017832499225327158,0.2664933696547753,0.18687282786685136,0.16966997585062868,0.06904532938565838
1,1.5607720022153315,0.023099573971741783,0.21285762251659066,0.27617874652042673,0.003823670970156432,0.15391903257763756,0.33204278336078696,0.1888974746250922,0.04513829194590002
0,1.102298082772845,0.11547698242475665,0.1621533442423906,0.02364189813017726,0.03455119259646037,0.5234849793942447,0.28644951002790586,0.10354369081050738,0.028328729040704458
1,2.4639913861964797,0.11019809242517326,0.31284291568814043,0.057220133080678366,0.0419378156519597,0.6386987107862128,0.06553680448631187,0.1365531916414301,0.0600533443534072
1,0.8589826837842589,0.10047910501208754,0.0026553779881507865,0.062304038889262205,0.0031989181983479967,0.530853571114951,0.29170136905490773,0.06948248384010744,0.04245961890242372
0,0.6195047970541456,0.0903946106437717,0.5144213774247129,0.15938811490026536,0.07018782405546434,0.2311401745525712,0.2738414522140781,0.19263700963263328,0.07280542464498761
0,0.774428020973164,0.17232859471268505,0.5322071282858366,0.16695768855696475,0.03588217738030573,0.4699571052319658,0.1356632072033837,0.1388623135127019,0.05267750811467817
0,1.4365942774787874,0.13750581603056405,0.038389908436616695,0.12379483700442553,0.08663662078892088,0.22780103368656904,0.3683955492598005,0.16502470797225208,0.028347251288032064
0,0.9622407585890985,0.04624812511308574,0.47365482375671636,0.09173538840577572,0.02782343020013813,0.6332614788925954,0.049858119466403394,0.16289510944397045,0.03442647359111663
0,1.6417520412294864,0.16110306014479805,0.33810357127390767,0.03666386532142206,0.0035132607487498744,0.34674278452348534,0.41701434335451815,0.15006481429406307,0.04600093175776145
0,0.7776798142324866,0.12907262681727413,0.5104792705813533,0.18402157468804262,0.0001321091769601772,0.11334891007344919,0.5426139291533957,0.14904034189334722,0.01084313501480509
0,0.7452407299347295,0.04778308901930378,0.4769859352150517,0.033267395774325935,0.01997594607312822,0.5944170185458593,0.2563452415310065,0.08307599140613904,0.012918406669541036
0,1.2375879115540624,0.27902815462231717,0.5117355750173881,0.1682232489339944,0.026636533204946987,0.32585436026632136,0.32930009452371106,0.11179027214842051,0.03819549092260559
1,1.2069693099997094,0.13565584494351132,0.23754747656423592,0.29225083755455733,0.11517429961720406,0.13150550030774397,0.10687729861399804,0.23194207115907875,0.1222499927474179
0,0.8149902489503953,0.0821078844796155,0.20813882104575096,0.018706122099360015,0.03396065561902705,0.48979273865623124,0.36254852833587564,0.03423185909715897,0.060760096192347096
0,0.8236508338185221,0.2589867466028775,0.3328953897502175,0.18046120877913943,0.05783487793892371,0.24502926825489324,0.33629575185540767,0.16178755183521806,0.018591341336417943
1,1.0887959851965245,0.08261375820160198,0.18077129642206996,0.2630012745104822,0.10133822934726164,0.11612658488687869,0.32066086640867936,0.14500170749375152,0.053871337352946684
1,0.9608327459650701,0.03257062412446505,0.16350132209544269,0.060363406672080344,0.08675880662612472,0.6128313259235763,0.08948819913584907,0.11622349911757021,0.03433476252479934
0,0.9279403959548354,0.1656925236276305,0.22143338681948452,0.22303898048457796,0.062241482987799905,0.29336966910779133,0.3443120341353458,0.0553832902981311,0.02165454298635391
0,1.8023379390914265,0.20648047665887923,0.5228606124241952,0.08873166028460404,0.04844289929162883,0.1700618131805657,0.35132414731287387,0.23628535666325556,0.1051541232670721
0,1.4828717327203722,0.27307022675957593,0.366723885384503,0.21964816923625935,0.03259924053053894,0.42069816078066385,0.15555907626415333,0.13524103405346188,0.03625431913492269
0,0.577662981708342,0.25823256990810306,0.4539267116630169,0.08938791595866115,0.025953843858733353,0.5259260283730162,0.19883486327329836,0.09969115005426113,0.060206198482029905
1,2.003532091701984,0.28452732463714675,0.5865836518772888,0.2664842851870842,0.037051447066615006,0.5214771217210056,0.03836906607176693,0.10089758605632508,0.035720493897203213
0,0.6542267156626029,0.07236622461903959,0.4471257245034332,0.07469646136961461,0.008602659029251168,0.2757051374582761,0.3483572199708248,0.1777642748304873,0.11487424734154617
0,1.0346504936292915,0.09757722929929608,0.5579860410432588,0.19529006985950303,0.04241183666641251,0.15666103964360745,0.49248981051342805,0.09211955867477234,0.02102768464227655
1,0.4383716071334752,0.12525602903012098,0.39787107463668003,0.21869443657409277,0.05861337673038817,0.44380644490276894,0.042938340855774,0.16609347607102432,0.06985392486595177
0,1.437325105544204,0.2713138007504253,0.41323611395592,0.036502728705503196,0.0195045607383726,0.32079232340910085,0.41373024193036184,0.18074832843110486,0.02872181678555668
0,0.47189914918773684,0.29317844028599205,0.20230491691111555,0.18239942201045162,0.018597397411289136,0.4046384511822852,0.3522420064406246,0.03028519752818609,0.011837525427163497
0,1.759451682982271,0.17448161993662836,0.42514597366811074,0.2523295968771175,0.08310142319233255,0.06804062372891032,0.4022771288585738,0.1794169900737932,0.014834237269272712
0,1.7139731974595676,0.16271747072696988,0.5667310329524693,0.17464668431109281,0.05156490197576113,0.38003534847662235,0.3174937424476906,0.046369747325556154,0.02988957546327713
0,4.563906894660574,0.02898918320219238,0.42833321056962287,0.11175502576166524,0.017370807954433094,0.5052256057069,0.28456428485103263,0.0445013632935155,0.03658291243245372
0,2.2518087040814856,0.04254454589553298,0.22451662237865244,0.1336327244321038,0.06069670173929444,0.3049089780695384,0.3302241136438783,0.10901017430807315,0.06152730780711203
0,1.2895812406243081,0.29184235333491415,0.4845872971241711,0.18733088528513428,0.029739641987443673,0.4505596195397887,0.18648111259040312,0.13578666043242982,0.010102080164800312
0,0.7659685464130388,0.11835823506601006,0.06658727161865853,0.11531455447732068,0.049764680777846446,0.4577088120133095,0.2790244482597202,0.08415228126094353,0.014035223210859551
0,1.0264032331674344,0.06882791240927369,0.4155254080061973,0.19986469932521372,0.008261527808927452,0.5630388335530156,0.090963593025447,0.11082974872085162,0.027041597566544524
0,1.1355335368782642,0.2863287603491189,0.5991806342996827,0.14559282206210328,0.016007257291623642,0.28873334894180636,0.381398895045734,0.11012104443702994,0.05814663222170279
0,1.2641398055697892,0.10733676440944835,0.5560064493332237,0.10219853011057382,0.012690209783967704,0.10831235893418834,0.6141945386329867,0.13930976586307817,0.023294596675205347
1,1.3977942645054942,0.05098249459362215,0.0852028290344082,0.19931713859571298,0.05856714310112746,0.39255183219772416,0.3169633456949128,0.008854596720923705,0.02374594368959887
0,1.983022822285462,0.1418059718170478,0.5618870017344239,0.13789412515881933,0.07808594035065262,0.5176065712449363,0.052228411908634996,0.1987468741950271,0.015438077141929846
0,3.1659993247532636,0.1043723662253718,0.041771547529839734,0.11985835058671938,0.03229767069830967,0.535308947161303,0.2619853672233627,0.040273067642410794,0.010276596687894417
0,1.0696438644835478,0.19720360953737173,0.2647848778468352,0.2906325073342045,0.045787334313685674,0.32117157349865105,0.23953871976826685,0.0703426071177652,0.03252725796742667
0,2.140564199332642,0.0850562319923463,0.5044196332322934,0.13113265265163526,0.003892436507448447,0.42237504659181496,0.24732377733516572,0.14903767395104062,0.046238412962895
0,1.6762347547461047,0.16129293798696404,0.17396753695895997,0.16955256985142547,0.052456393577515914,0.5414144421521896,0.16942243394724263,0.010625398777311518,0.05652876169431476
0,1.7097526054920866,0.26285392809743496,0.06938473294301785,0.13162036004577632,0.08939197959882131,0.4822025451098754,0.17937021302850328,0.04511989304061638,0.07229500917640744
0,2.1969301248722033,0.28752629173174366,0.5314787938899604,0.06537801611449609,0.024830884563582366,0.6470956480094388,0.16716518966267566,0.0627543242719375,0.032775937377869595
0,1.1705137182194791,0.09049630321373728,0.2301122680673359,0.05786528812214846,0.06302895391844604,0.31354806765186644,0.3818784817065508,0.05227441898404838,0.13140478961694
0,1.590775065307793,0.1022384957354225,0.1731094413425229,0.02282783021153192,0.016704033689171078,0.6947990065459675,0.09639115338718128,0.1610357107425316,0.00824226542361678
0,0.6672497150133136,0.03915174385556836,0.20271944379259757,0.1702106169443322,0.04478233475031392,0.2852288286131278,0.2987074859354941,0.13709878782603388,0.06397194593069813
0,1.2638265485424678,0.2683661038337018,0.3369540471761515,0.2148678361852464,0.012614848284784416,0.3688027677391507,0.27474242299940177,0.08829474127686776,0.04067738351454898
0,1.971107465857724,0.27658120976983513,0.2163809434236477,0.05207705582546896,0.023118843228434986,0.37678407985992,0.349584140487156,0.13923020924968607,0.0592056713493339
0,1.043943651251813,0.06651461981205598,0.29062780139823213,0.09863892440328416,0.05454839406062532,0.23600251550632229,0.4521300785392733,0.08417075719724404,0.07450933029325087
0,1.260279828082497,0.10038431939625388,0.4403760935045408,0.039375439822847275,0.05771862360681387,0.6659080571026258,0.024551649689363846,0.13383788331161608,0.07860834646673327
0,3.3389694275680375,0.21357060606108405,0.44887529273874255,0.060862346915835,0.052996961078623034,0.1928943398716684,0.4599352904694895,0.18802925948095442,0.045281802183429594
0,1.58015764663083,0.2823155510195733,0.13260746763261747,0.2073591411811613,0.01941325703948609,0.3875100613395387,0.13928382201039952,0.171632481930123,0.07480123649929138
1,1.1894512299441722,0.17273113577377702,0.1333218626327267,0.1838809497977627,0.05074935374370335,0.05717496522426889,0.571692149880564,0.06987404390578253,0.06662853744791834
0,2.274658794061861,0.08652686059484362,0.3197079506813417,0.185992921272187,0.04526167301012561,0.4083786348751742,0.16358570623832758,0.15480520681327598,0.04197585779090968
0,1.8355699823556617,0.18144511435932673,0.4140984866182182,0.167131251819815,0.007838790265615654,0.4457566809609796,0.15498207442834544,0.19517548526328732,0.029115717261956883
1,2.875513812273594,0.25754007876434154,0.016982416936961165,0.24797143863299034,0.08376411826674061,0.1309437572055111,0.4019873321760882,0.05727477954130741,0.07805857417736235
0,1.3574047229867525,0.2540018364601982,0.5048172260377717,0.3059222088833314,0.05025008214963219,0.24513832383225156,0.14643745501966668,0.20916392723316343,0.04308800288195478
0,1.1260677263209744,0.22612467542731637,0.38466022757761137,0.14052006719878427,0.027753310452512364,0.4571823406251452,0.27417153456512794,0.06576791218825903,0.03460483497017127
1,1.0802984693786675,0.05630395895512336,0.037023422875439936,0.09960636143265125,0.08059792177075882,0.6687788316183947,0.08058885360642741,0.02600274892802738,0.04442528264374036
0,1.5379723780174377,0.17833211884300193,0.3235274648892745,0.02318686233907227,0.006255746622232608,0.5453426180796085,0.30614798144754685,0.06954602427677069,0.049520767234769114
1,1.3555605002470932,0.24762571418720966,0.09688199166016377,0.42681012016205727,0.07755268282550674,0.12623429864123134,0.12716801562802066,0.19501821487716545,0.04721666786601841
0,0.8585601936327697,0.04474461209511186,0.03512821596595656,0.2318494875212417,0.0397651273529151,0.34978706038571933,0.18478769476306772,0.14204174622445842,0.051768883752597604
0,1.6871166170593392,0.10736705334392566,0.5683233247573276,0.17260629008478304,0.038295719684782084,0.4538646596762552,0.26421830075130137,0.049065387184932634,0.02194964261794558
0,0.6219085195390877,0.2078783395267704,0.2911199322775478,0.13802617656742436,0.028119778188727396,0.31970535103505554,0.43033173115971685,0.031975547913811235,0.05184141513526478
0,1.8382690374076502,0.13554169071540387,0.38193950988234454,0.06935267093438015,0.04707355066466785,0.2149671980411059,0.32243906235182945,0.22093624057893566,0.12523127742908116
0,2.080417463859742,0.21473773390396467,0.3965168077594364,0.12881885881666294,0.0399016291871331,0.6395668857270612,0.05459233612059831,0.05427140528277294,0.08284888486577154
0,2.2746883379637297,0.18797523613247033,0.5790405255412848,0.1927604851611364,0.07369757728560973,0.3106308086417617,0.22970296048244468,0.1337564797944761,0.05945168863457129
0,1.8010537961485373,0.28806750430090694,0.08504966172778479,0.054520745944652955,0.06256438395843802,0.4451995411267006,0.35229757025420866,0.05240019771180915,0.03301756100419065
0,1.3484761623641557,0.09942695346618592,0.22636305762007644,0.1995689205686164,0.05741307986854576,0.15912402545569077,0.5181924316743691,0.039894577016424744,0.025806965416353245
0,1.1881110815494853,0.0808237841940555,0.36642999620041267,0.20664750676908525,0.06142281824640303,0.48812958471729156,0.14848975250997082,0.01023047592149538,0.08507986183575406
0,1.769630018642434,0.2886884342176073,0.04052390089954245,0.15142499491132685,0.03775724456346498,0.5135507944943319,0.13620240126822591,0.13774765555795615,0.023316909204694043
0,2.263434289261184,0.032885155637450765,0.5572816959657115,0.07016979038435152,0.044134163961772124,0.38300889794329285,0.3711488319999757,0.11445724096558643,0.01708107474502125
0,2.240071433046978,0.2002575988545547,0.589035466450629,0.06297349471916731,0.07638897176591551,0.2541543929114483,0.3524332098131715,0.17061810769242233,0.083431823097875
0,1.0118890968288063,0.18312150263089674,0.29245908927258135,0.2437929562353997,0.042926408718361245,0.12334391922097541,0.5078995732203025,0.017742426725143402,0.06429471587981764
0,0.9496596519320253,0.20308521469036336,0.20130594517968142,0.014471227227576431,0.0009942514553951867,0.5151818552789349,0.36746310823054923,0.040545447657889,0.06134411014965529
0,1.1834020984677542,0.15177224804390746,0.03523932531640026,0.07258336205116642,0.03897869149376597,0.582679149933085,0.2780006530856333,0.015167048267079623,0.012591095169269581
0,2.6667559449564657,0.21754058885729552,0.0503624544970302,0.1435624619814171,0.012279301355913421,0.6228922947098732,0.07881981892730841,0.12350388094537855,0.018942242080109258
0,1.155234417244852,0.2470174126022497,0.5511174121245248,0.06911158737426873,0.04145648896255123,0.2892412213266147,0.5197192127825433,0.06813907380429839,0.012332415749723756
1,1.231825522972756,0.014436218570869484,0.05300042698878375,0.17116145993619555,0.0952236727136756,0.4103868286277687,0.23977040810556544,0.05915462564658728,0.024303004970207535
0,1.6266755535409905,0.27412844177054546,0.003314908212110379,0.050226549012452354,0.041419849696744816,0.4571287997835126,0.3475538549732332,0.06222236862327405,0.041448577910782894
0,1.058049315745281,0.08186041422185995,0.527312841333994,0.15169367349911034,0.027854197917317167,0.36029661118988426,0.2647763201445073,0.17071315443878274,0.024666042810398327
1,2.343987113939035,0.1303473617369075,0.025922254553621203,0.09369069398135113,0.04151454583677732,0.40267430616698696,0.28567793341187786,0.12987288924978937,0.04656963135321739
0,1.2534808199162297,0.14109881286522538,0.2673175969830471,0.19101299859233642,0.04317107468886771,0.5382235323427544,0.12082984969368157,0.06469975326945959,0.04206279141290016
0,2.4665924027384643,0.28303121885174415,0.2293443591869689,0.09975265369748013,0.04359912066861413,0.47641533307398315,0.2316585920910777,0.10925630033699586,0.03931800013184889
0,0.5738461042985246,0.21594218161187684,0.23305793093588806,0.07803518462134172,0.0691910387199449,0.4971330476607017,0.056222504035648116,0.1930350267888205,0.1063831981735431
0,2.5618642328974612,0.10848526882977172,0.5675447023581293,0.147997472454303,0.012852795858170153,0.4215643524364376,0.31853660581996823,0.05874077938775243,0.04030799404336876
1,2.8282018572858516,0.27138622265113416,0.27156694957096783,0.04407455040521903,0.008406639327447332,0.5791725214685637,0.28370036834733275,0.042285434275678484,0.04236048617575865
0,0.44465360321969283,0.25250067593239534,0.5023939260265939,0.15674081157764222,0.04774441979445826,0.3820246433878361,0.2431289111179106,0.11994166648922379,0.05041954763292902
0,0.9194182485972524,0.02064211213025755,0.3509728032283487,0.14175699332457253,0.03760458539939466,0.34655647754767865,0.2672056860313675,0.16583849362202893,0.04103776407495753
0,1.8505827870839617,0.19059462265342186,0.053036534052741356,0.10004148866017079,0.013686420406157305,0.5582081105317123,0.22503077567422064,0.039968626265503314,0.06306457846223561
0,1.3550977428420241,0.12161632703189709,0.46097688536503095,0.04179677583875956,0.017675727735522274,0.5717226040475161,0.27913663324839877,0.0553870126176222,0.034281246512181104
0,0.481508862935416,0.06672679226839527,0.48804523887933815,0.22473355869523992,0.08402623208859936,0.05905428231723157,0.4409291437230399,0.182035690710474,0.009221092465415236
0,0.6814511188753819,0.2690672453512155,0.26360169796157046,0.1277441566868515,0.016847615162157846,0.49810357528670673,0.22431611576424693,0.08113451493783443,0.0518540221622025
0,2.5899061412452675,0.2836328291016822,0.39029371386926415,0.12370603941198234,0.028882948983229437,0.29577350161845284,0.35965208427193607,0.1461879678179807,0.045797457896418495
0,0.8081483286812965,0.28212982406089177,0.03172865747010671,0.03073385093575774,0.030913951228198792,0.5353947606728576,0.21229094623319172,0.13819583574905583,0.05247065518093835
0,1.797529628775178,0.16590705051499055,0.16028175676763037,0.15837715140347383,0.05266361339594968,0.38613761086460946,0.2748151362810894,0.1149192279244333,0.013087260130444386
0,1.6001518346014438,0.07573200152745849,0.2776500180089933,0.11405419996146925,0.07422650953379423,0.6122837553537788,0.15644484140322212,0.026491172956719985,0.016499520791015587
0,0.7895306313333776,0.16041354850989628,0.3928788218533216,0.13050859685966967,0.047868208326585636,0.6219472962431366,0.06905844702397688,0.11221088518464353,0.0184065663619876
0,1.3999918878432265,0.25297092651196723,0.3792433983804292,0.27582702534831205,0.0515297476752421,0.12886496804141884,0.20004159359889823,0.2475992064660226,0.09613745887010614
0,1.6237447497869146,0.10686483148035392,0.20065707001288868,0.1580920625938809,0.02863293619256382,0.17336873782507445,0.4821098896547335,0.14555547980093725,0.012240893932810113
0,1.1403699128412588,0.2692424270089838,0.3494324800032784,0.132734964579736,0.06488050309171464,0.28138314401141035,0.3641349333718983,0.09038564454514396,0.06648081040009675
0,2.581889614529958,0.21341596455603562,0.3257220515247072,0.20164054873607734,0.052213924184958724,0.44509475471362603,0.12835887788524392,0.15320463821315794,0.019487256266936086
0,0.8404570212433002,0.28416972540778823,0.12874876554647413,0.079977131594544,0.06656173083784003,0.2036261615533607,0.42529021884171014,0.15777069534067711,0.06677406183186801
0,0.7050362828489384,0.21282062349550893,0.4657656290079445,0.12478878330068122,0.036251435152972376,0.3036922912084253,0.42248321054030263,0.042876639559091476,0.06990764023852696
1,1.8004567982437707,0.25278662457142925,0.12849581168541768,0.2553303181713709,0.058666053894314,0.08428293538677467,0.511679224011256,0.07558809607904975,0.014453372457234782
0,1.2251718175737747,0.27486073975844705,0.18175248287380918,0.08426337280689795,0.07502154974583293,0.5196037198930251,0.08241776896838521,0.14244262854181727,0.09625096004404153
0,1.4472790551805566,0.06855542619993295,0.35829555706326993,0.10483227257843863,0.03475647447876507,0.27758112168301236,0.47090037981246047,0.057230265518189924,0.054699485929133436
0,1.6668814929870561,0.14666954995564888,0.4872848930280517,0.11483105662817517,0.026399293162717146,0.17549393379098266,0.5747241705956821,0.04611655765928054,0.06243498816316227
1,1.19921740423358,0.04044889950993567,0.5778893889683733,0.12248774573983044,0.14246977491142518,0.307675038341224,0.06291362803198483,0.20934079580515788,0.15511301717037768
0,0.6765012112355256,0.12850193285385328,0.48849520683728814,0.1455295848397971,0.04838036988259224,0.6721578526385654,0.048281866728596905,0.03734401140636135,0.048306314504087164
0,0.884025430548681,0.2738338383077223,0.425404510155919,0.12297910752145542,0.07526136169185982,0.4028013763307062,0.12456981405322691,0.19267421324925985,0.08171412715349197
0,1.5884225924714113,0.14844310109474054,0.595859730895638,0.2258939796102452,0.02518291854863871,0.5480846899716318,0.09424909660881417,0.04209053444212129,0.06449878081854876
1,1.068241072504906,0.04321694754365115,0.09535337983096792,0.17567050646226823,0.10265031704871941,0.4234335583244026,0.08529252498299346,0.09552765716291452,0.11742543601870184
0,1.0899440319821738,0.15829538698374904,0.35250589634059365,0.01930523626444423,0.019405153544016118,0.40623402369585737,0.41108059563050886,0.08354316694634022,0.06043182391883317
1,0.603759527688732,0.18038233882071875,0.22174161720406207,0.23533894457830148,0.14259895768241876,0.2541058732159157,0.06762699944783337,0.2622078946643231,0.03812133041120748
0,0.6491065930640547,0.1449609634264129,0.31771562328664915,0.16276727686047798,0.026495347132246282,0.40988698768369963,0.24963855494638298,0.10002910552943074,0.05118272784776246
0,1.302763326035217,0.2477155330239425,0.10760641145312042,0.08923099411331589,0.013447853349328664,0.43044050801669687,0.2277738631850976,0.1791594915496091,0.05994728978595176
0,1.8747671771909244,0.1294542755592313,0.5477790966548625,0.20475503560553493,0.09257389924962721,0.06863390083802968,0.40673701314293237,0.14572595327212495,0.08157419789175074
0,1.0406662300307201,0.17812316976712014,0.49284610774258364,0.01661873863897636,0.04127148198067815,0.5383280708225456,0.3193364157612295,0.06860662203556979,0.015838670761000543
1,0.6297143284583646,0.057192917321339395,0.48966622396381954,0.09794544009143463,0.05307260326482619,0.08047883296323487,0.5474605261169226,0.1597442424329149,0.06129835513066675
0,0.8314753116806023,0.13462314259735336,0.3578001185512923,0.17607533009579088,0.05937724695879189,0.2870763376388574,0.3419273288128401,0.12486270131845867,0.010681055175260943
0,0.4094367010166239,0.29153986388585135,0.48573066218523286,0.10775099755980114,0.02254128104001057,0.5064111580471841,0.29750466110973145,0.03579674445984842,0.02999515778342424
0,0.8171594847940093,0.23646649720384183,0.19960899225064482,0.2361286321013596,0.03867969299832017,0.2528274431336305,0.3583341849428607,0.06802071688931298,0.04600932993451604
1,2.1013867631621435,0.19087073655575795,0.11447045750356721,0.04944307473386502,0.02414060849356207,0.5369733264940543,0.3086959020153777,0.05074851992151053,0.029998568341630383
0,0.6111344504094579,0.014090787888416655,0.22308056991890235,0.0945584010386437,0.04031858639330684,0.46326086220241947,0.3107181138270442,0.05893680945983142,0.03220722707875436
0,1.7026952798846446,0.0993788484295734,0.31236232271054065,0.049840756725985945,0.04089333451898445,0.36368242007013324,0.47611722239615817,0.0320182626095995,0.0374480036791387
0,0.4,0.03258516572279872,0.3761121167471892,0.17461206811699287,0.011974497570743925,0.3243304255706179,0.350095378845377,0.05478203412975953,0.08420559576650873
0,2.8849683766288283,0.2900620280915151,0.13139690001906495,0.14707998859572036,0.06484235493459485,0.5191376699291798,0.10456144502579538,0.12768198015990567,0.03669656135480391
0,1.2082898815866785,0.0543111522368249,0.2058644706319436,0.041703986687805804,0.05678202019526765,0.3237276501395998,0.3872357498217443,0.17200112331152484,0.018549469844057594
1,1.4327150836265752,0.08128455930912822,0.19683692317814508,0.31716708780968617,0.02273251811087645,0.49957820952602683,0.04518179676788101,0.09240326422641804,0.022937123559111525
0,0.9924375230539701,0.03250049408097192,0.46569251322448624,0.2581137050576325,0.05466790964819712,0.13858665512211624,0.31943617575623656,0.17925631051458746,0.049939243901230265
0,2.403414560875475,0.21541364308365205,0.22149038121814257,0.09522502074350732,0.09958528383048779,0.24103137133821717,0.4505143797054189,0.06675907750462799,0.04688486687774091
1,1.0511947334084324,0.05514303948647723,0.07625427122007722,0.07228871501972134,0.09348052748004067,0.39677582646862114,0.3405189419775356,0.04468566277321582,0.052250326280865386
0,1.9655593884573217,0.14760051298654686,0.23253653444407818,0.0671959103774247,0.04598615847720726,0.5057342040965664,0.30143688125032164,0.03931419690139808,0.04033264889708184
0,1.4486672963818799,0.23636891584697667,0.5333322899278414,0.121225699914992,0.02942025510131984,0.48663679202142146,0.3073556508076481,0.021304970134083598,0.034056632020534834
0,1.7056484056409538,0.25394809514277866,0.14573898670402588,0.06805151214983074,0.027315874765706096,0.4843667587029343,0.23596663314615435,0.12796794045137955,0.0563312807839949
0,0.4,0.0811369158502032,0.2517948923832301,0.05790953842827607,0.025563632089311394,0.5744576343600494,0.20481344685950043,0.09781367274086876,0.03944207552199402
0,0.5663659636325297,0.06536332817135233,0.0942835183191872,0.16569264532341793,0.06502846233526541,0.5272536791378506,0.19936623555038682,0.030258243595365355,0.012400734057713877
0,1.5350135330808539,0.2694541591885625,0.33438379570995586,0.08519171823440792,0.049792495544683915,0.505132255128091,0.28227711538685946,0.054322680737393,0.023283734968564646
0,1.8085556425008589,0.0951968624226417,0.5488005102371316,0.19885566319303946,0.05037945018029925,0.4836820105007847,0.0966675639894875,0.1201974079446807,0.05021790419170845
0,1.36234169971573,0.07761856568969272,0.5690172499464012,0.18904391433861156,0.024067865239140715,0.4689939829553358,0.1343553121564563,0.1337457271758997,0.049793198134555974
0,0.4,0.2619136011834311,0.4194682833079479,0.09752548932755556,0.04717011378636311,0.3169565985650642,0.2945364801628628,0.16495760093111358,0.0788537172270407
0,1.8346365383019982,0.28581060150454435,0.49257859086998135,0.19881028234913112,0.07292239519248232,0.46366028792785735,0.12641275408403038,0.06318654720422105,0.07500773324227782
0,1.3562198924618527,0.20883413092175304,0.5284802924139425,0.1541034647396537,0.03615882566601193,0.27749435754777135,0.31900084714873,0.18068823652529498,0.032554268372538164
0,1.7817054805979513,0.10871534642041897,0.21876932193018586,0.12744638286319457,0.00818712159187483,0.481672660396733,0.27365603650870757,0.06483502534249473,0.0442027732969955
0,1.0408295144043596,0.1540278223335588,0.42673145376629096,0.11348108631610195,0.030083628847080615,0.4765162450069084,0.30510548337137416,0.05804167786291045,0.016771878595624574
0,1.4532361345491331,0.11767754248172055,0.21718137837423426,0.1159266715541227,0.05800224082274414,0.42738770402324205,0.2907901989569635,0.046094227175038575,0.06179895746788886
0,1.4572017199902305,0.1016725830143448,0.3242202752444873,0.0970420558646784,0.022943865962607307,0.1173329750441965,0.5314388764247645,0.12541379262877278,0.10582843407498062
0,0.6874753934804686,0.2626690434206364,0.09053274873930865,0.11969765980439682,0.06272819064554257,0.21594877259135956,0.44344361591834575,0.1435992008818515,0.014582560158504005
0,1.1634453106789602,0.23903225408156725,0.16280122744468442,0.08512836131187146,0.05859338950152181,0.4148223872774388,0.35367781335724346,0.03547245671046435,0.052305591841460136
0,2.1604156436356767,0.24505802761431156,0.06762849592112123,0.12503244054410123,0.013857678850622515,0.5049552250914265,0.2306553057810664,0.11307762745786275,0.012421722274920433
0,1.8384491265287664,0.0025517750203047918,0.2206324310466659,0.14372632079717,0.0031751346177302736,0.43187829596547744,0.15823375767053233,0.21203993501274887,0.05094655593634114
0,2.8139008258699922,0.04063079252711845,0.39434504901784245,0.09352870975659901,0.04246793063207954,0.5370823982217672,0.2272095131953676,0.08871128581806506,0.011000162376121638
0,1.6365690904556511,0.14994117860468845,0.47350731197967605,0.14535232329978048,0.05482424828149248,0.5560362823512565,0.08568046588090429,0.14226730655483263,0.01583937363173365
0,1.7184222127302524,0.1973193811291151,0.019760415330064427,0.1775382929142356,0.06395777908131613,0.3379194135945747,0.3207601130414173,0.026879546225183962,0.07294485514327224
0,0.6985719122961341,0.04008741914994761,0.5130767957969349,0.11112922248080395,0.02182822541708738,0.46366732345991485,0.2118642744019473,0.14718811714349767,0.044322837096748814
0,0.5428200958106433,0.050412893805668,0.32570435237993606,0.10618434443727698,0.032766813373737345,0.44644116607831313,0.2822115296851619,0.08098487683315303,0.05141126959235765
0,0.8601615342845784,0.1281533644662094,0.16793662797144437,0.1351900776596129,0.04592028846095282,0.4392903559470213,0.22318763008922746,0.11068051836652203,0.04573112947666342
0,2.4129218396815912,0.2794677271685254,0.5322972900969949,0.061438919015444834,0.02790216573651203,0.5625800698161378,0.21860692405497426,0.08307323120407256,0.04639869017285841
0,2.0992355010007295,0.22362482953349958,0.011024870233965034,0.1439413494150816,0.006789388965088397,0.4311026716173568,0.2988133074197164,0.10020323984544886,0.01915004273730786
0,0.8258094353439653,0.25563653801348607,0.4027918349845785,0.06004214048380109,0.03628575373929218,0.4018049647935892,0.4300399572876758,0.024481537027570086,0.047345646668071804
0,1.1580947058664846,0.21906484891409225,0.49736513581214714,0.17691849609028568,0.08366283620513076,0.09545772032078122,0.48380357142265357,0.14077564379562302,0.019381732165525842
0,0.5581726421296748,0.06710458295997841,0.30345861703955695,0.06721967470765294,0.03202626040259154,0.5797859644052553,0.22347784464779877,0.03772411864768857,0.05976613718901291
0,0.6518823524290678,0.11749758796996428,0.1988684930147239,0.06648653799980092,0.02674785293401099,0.46236316445146314,0.32182587868814794,0.10136228170737603,0.02121428421920106
0,0.7733876801177331,0.06350937009049278,0.23237489156122393,0.17743482895271764,0.005258003276671306,0.5225502353953221,0.09966654783288048,0.13431760827802638,0.060772776264382246
1,1.2902069490082182,0.16087310266286944,0.01544102856721443,0.25279337179401207,0.014841556417000188,0.27707327596657094,0.24672711870616976,0.12280131013883529,0.08576336697741165
0,1.4619164367575368,0.1287120472583647,0.20644125928539866,0.20693275607347414,0.03817195919375618,0.45324467796704715,0.1254750703232159,0.15481735123596013,0.021358185206546684
0,2.600444489248897,0.1272274204554692,0.37163187875280834,0.11900674657415646,0.08609279423752857,0.21621157077752048,0.2134785731420244,0.24562577078732534,0.11958454448144472
1,2.159458908777249,0.05703260036160995,0.1569266854917203,0.13609079697974388,0.04611022701915508,0.6836348662383779,0.02332001701414858,0.06360458685683623,0.04723950589173829
0,0.7059289035460793,0.20645843241616021,0.10370033267201563,0.0674259815465159,0.0014578382334289074,0.6374277580856464,0.16165322780339353,0.06017412255180445,0.07186107177921074
0,1.8774899594983538,0.10773927887590679,0.26631704935173267,0.12686102771737562,0.0359919245392657,0.5345608421321714,0.22394731679920177,0.06493058043795011,0.013708308374035446
0,2.01883596543799,0.09660515432339538,0.31380883670852,0.11731031522648415,0.04084226803281834,0.4982359546730869,0.22916478823802194,0.06443641200401003,0.050010261825578654
0,0.8304798548306361,0.16615822082864953,0.45461512613211025,0.04988522075008318,0.051755072587632435,0.680316291922884,0.12671598607803586,0.021595344178369676,0.06973208448299494
0,0.5477271615304717,0.21608353859789722,0.008553645175517753,0.19847527919765756,0.04643269310679987,0.5433175703420191,0.09563928804303244,0.10429851728941342,0.011836652021077513
0,1.3720962148637341,0.23715605623474864,0.07071207427153481,0.17358791268950857,0.055476043356990135,0.2839882843970894,0.31736466108507005,0.12889192011874154,0.0406911783526003
0,1.0933531583897655,0.1005678872441503,0.1972847281063433,0.05342966409460364,0.0357103919757675,0.5164994832419013,0.22408114722256195,0.11580449181779368,0.05447482164737184
1,0.8572160851216332,0.2554259375716831,0.21445611163654535,0.3125232781537671,0.09362063361590628,0.1536198970686988,0.10155526963560521,0.2403533359569709,0.09832758556905168
0,1.95118777329379,0.2771485981936557,0.22092537672039927,0.1069563021564006,0.013966809317448084,0.30736778302424694,0.32427139661985155,0.16474831539596912,0.08268939348608377
0,2.205297980785461,0.12170926794641933,0.22982125184818744,0.19741976817167628,0.04885189346540069,0.42753640277397914,0.17604905802387819,0.12897841134140212,0.021164466223663424
0,1.0768572954766595,0.10701329038997183,0.4964963677023894,0.1051988367628949,0.18008072931275856,0.13128571089364421,0.3874480298719911,0.03695886811384118,0.15902782504487004
0,1.4688525101391168,0.09062613901790496,0.4253574017928564,0.11648502492663149,0.007700313362392341,0.33831821393610945,0.3825943608443317,0.08978027952382835,0.06512180740670676
0,1.6892943289070006,0.2050083187903273,0.46390935335337974,0.204925906538804,0.04228588716248619,0.24556111273039924,0.28637785417307515,0.20317344477114935,0.017675794624086062
0,0.7035192760101252,0.24271813482511623,0.5821375124667375,0.09915800809998121,0.06802922145084814,0.1896291305888445,0.3708546922331485,0.1832960787726827,0.08903286885449495
1,1.4476697307474256,0.03378274875783669,0.1697313521850589,0.03840975259010109,0.08004534453131366,0.13559930167912787,0.5385753511298154,0.12734431396814727,0.0800259361014947
0,0.5440921607062434,0.24301307329674093,0.22664100151986358,0.0707126582884391,0.03852036930911378,0.5448423062949822,0.18349358722641415,0.12215740556581421,0.04027367331523658
0,0.7370675047138685,0.0135678317345721,0.5844623541527756,0.21256289789443858,0.03732749455289851,0.39538638753919403,0.18634098413432437,0.12065906333476491,0.04772317254437936
1,2.8437327919018665,0.21879166727838853,0.06742924334496807,0.3626451661018732,0.02743644494260995,0.098932312274629,0.26234610341779807,0.1345188259100192,0.11412114735307076
0,1.451390321597677,0.12987395474424737,0.21526399493304543,0.13621735821313408,0.05454624918974164,0.24124141375540106,0.3525738072257843,0.1641083272195524,0.05131284439638651
0,1.1979452635213246,0.1533909530533564,0.2155352289688998,0.03511508421795153,0.004182064925174677,0.5334973584140722,0.35710256432723725,0.02078169855689177,0.04932122955867258
0,1.7608776419994259,0.23167056985680573,0.5865939570492279,0.022794580542895286,0.10049851277451088,0.5853275452509633,0.1371043871849311,0.13288737955716634,0.02138759468953315
0,0.9655040160979851,0.042441886730029264,0.5785448638607106,0.046039540140850765,0.0711257110992416,0.5786481116943618,0.20690550510700845,0.06348902377447682,0.03379210818406055
0,1.4290415638532892,0.29720910452097965,0.24576550644440476,0.0683788532469324,0.026154831544248833,0.5902018063316604,0.2384167429383172,0.0597252135439017,0.017122552394939428
1,0.823071906089301,0.03312955448958442,0.2601387389462197,0.15900674172695833,0.05356353759962855,0.6519867004082421,0.04317818162507562,0.07869244500860119,0.013572393631494272
0,1.31495566584048,0.16917519935302097,0.4527955247209049,0.24812811518265177,0.0053160878639568684,0.36685707147233293,0.2779191861053252,0.07192612311691424,0.02985341625881909
1,1.5950898513988059,0.06288244109692687,0.08850817697177372,0.2652856125791855,0.04747632621185388,0.2422660373342775,0.3065494644035485,0.06275395015035558,0.07566860932077887
0,1.8043716208857954,0.11884698036613364,0.3616338555654533,0.09747801213645717,0.07309149411218842,0.3564850486159312,0.1608339735516771,0.27763567476135426,0.03447579682239175
0,1.884742671300335,0.05588004507245607,0.4067838634499776,0.01286778289451155,0.031386159957086456,0.6513807886514894,0.10976948798409486,0.1556606451337781,0.038935135379039594
0,0.6651116057662598,0.26093843778769304,0.2682709910615101,0.09787781218441535,0.07024169285509811,0.276694058684413,0.40795016760680886,0.1273176090001211,0.01991865966914359
0,1.6595396718090876,0.2283715515110334,0.5763888787019252,0.18685917549115022,0.03319982188400317,0.6158992678919412,0.12587033527615157,0.016721470809754467,0.02144992864699948
0,3.1826640812387033,0.28249699726265237,0.1042335108748724,0.10472095995344162,0.007749351905036334,0.2300322915958951,0.4748138389850441,0.16577598653603937,0.01690757102454351
0,1.5698026532524154,0.25491028291532286,0.587181958214479,0.1994838112877511,0.057455907485965775,0.4580621041071126,0.11310163428114522,0.1501002206397101,0.021796322198314996
0,1.4360848632897962,0.18315916297633325,0.16490332127331359,0.1745235756491087,0.06610422372738133,0.23164437093683943,0.10998371127767397,0.2570669482199366,0.16067717018906008
1,1.0225726361712337,0.006525130402294177,0.5863230364427391,0.292868001748529,0.07800756220822971,0.13046909454661962,0.2522944698290863,0.1809244740132809,0.0654363976542544
0,1.2831370246499443,0.03989360985648966,0.33370908027329615,0.1976902827467244,0.06388497645530786,0.1005944890611952,0.32552099964444453,0.22831327077450975,0.08399598131781814
1,1.332276055256742,0.16436314532913915,0.20225912332990126,0.35096552449627405,0.030345527464749614,0.2625061802969725,0.19859178314905243,0.1375713882968831,0.020019596296068438
0,1.673840171276178,0.28210652179264545,0.18465563485889794,0.11545834036047792,0.0492335367681934,0.14908914715507685,0.4857942530711318,0.13024105147994386,0.07018367116517613
0,1.9574619460414535,0.13336287030555663,0.4499493948720031,0.1557807290443633,0.012581218060485035,0.3872380502482929,0.216311739464237,0.1623112136321557,0.06577704955046611
0,1.4223437966313675,0.19240163263564655,0.19992992314552685,0.08575749472263826,0.06127858939279618,0.19548696855201678,0.4210171568196342,0.17402812125236758,0.06243166926054693
0,1.5986817923468668,0.2694144232014633,0.1563594699751955,0.1409921084747655,0.02239645809235824,0.38266526778415305,0.2580812370652963,0.1202092238252485,0.07565570475817832
0,1.3148073115638588,0.12611126742443798,0.5869565799466905,0.03069302204375052,0.04001069660168555,0.47776220774574985,0.2774510681086735,0.12324863337680138,0.05083437212333934
0,0.9433360255831909,0.15526044591226787,0.4548770930631932,0.12982589217194668,0.02526276570254782,0.43162850565003186,0.29402885897327025,0.09294795715150532,0.02630602035069811
1,1.403596938814438,0.16819427559703182,0.15374663973230562,0.2371549699780375,0.0845363134075365,0.25226542339811125,0.29310668390526584,0.041385048000152,0.09155156131089699
0,1.4810006499617707,0.1185370518089164,0.06748617465788961,0.1724329640307335,0.09330007841942013,0.33489848695241914,0.21312357522970862,0.02716970629814668,0.15907518906957194
0,0.9157002120408217,0.10280713912163286,0.14965467418175268,0.18153510994636696,0.027774219443897744,0.3536671578499666,0.36279679770386536,0.014964526033535834,0.05926218902236746
0,1.7964228722461013,0.18182732380302113,0.236689280214944,0.16305796529318345,0.05854217259369431,0.30858170407485097,0.3439489404056173,0.062424933461314454,0.06344428417133957
0,0.8927745405841607,0.23957708131223018,0.37423968988500794,0.2127220462580552,0.06618133410808298,0.4380320885475641,0.12908456280601613,0.10572460786268552,0.04825536041759598
0,1.9323941688691608,0.05744102076286084,0.08059813520175449,0.10661363888147388,0.05560449928960007,0.38638279664177094,0.38264027936645745,0.054303698740596894,0.014455087080100706
0,1.3661228350667542,0.26845198436164336,0.17057724523900333,0.2131577061764887,0.08559240128616125,0.37444010922141063,0.13277620483456956,0.07591462682440644,0.11811895165696336
1,2.1931754779587394,0.13790305398319153,0.0019082614077762015,0.030638889241352055,0.04843090337459306,0.7495857771245027,0.059557210665105824,0.05173531365706411,0.06005190593738233
0,1.8839418567120392,0.03441238390532292,0.5425484912762439,0.06119488264155855,0.06781555180525185,0.3156090691012161,0.4211211980484857,0.10257187025857764,0.03168742814491025
0,1.4610221522099494,0.014531388300577264,0.17951104817608313,0.09930407695072425,0.011729131269829633,0.6269374117707918,0.18391133512280086,0.006780900902790993,0.07133714398306235
0,0.46285624907804174,0.18138460096244893,0.26706238866259285,0.0912417802151067,0.028433962587725722,0.5051755078873646,0.19971194432191913,0.10938417112447174,0.06605263386341222
0,1.3201740552834385,0.25677654306756253,0.14921697312709784,0.12467356463646034,0.08771444832703483,0.17638752686190345,0.3502421798049794,0.19669742960374062,0.06428485076588138
0,2.0194446403882593,0.11252027472292526,0.5295446356413452,0.16905060467415722,0.04483168269251029,0.28164089854508106,0.2979843335373971,0.17615293858140746,0.030339541969446816
0,2.1193955185290103,0.0895783440581725,0.2569550656317871,0.2088107487199774,0.0005254767368572768,0.07318536671114383,0.4992286457867827,0.1118754259497761,0.10637433609546273
0,1.1486168082655572,0.12370334396409209,0.31107033539969703,0.18120321273882206,0.029842906290117432,0.33955498190029104,0.34869504537756957,0.050233748546451976,0.050470105146747844
0,1.8326376431731077,0.0886439282009185,0.15985417780856806,0.18200762097857434,0.05131385614365605,0.25393775436780824,0.37635607162991114,0.10975889197861226,0.026625804901438
0,1.1685118152446976,0.18860540184564434,0.265373713382642,0.19915777886333136,0.04583964627422814,0.2202765434597455,0.3612357868282666,0.1573351447889453,0.016155099785482865
0,1.471282914834803,0.27760198378405554,0.3038090138033667,0.2722420190263939,0.08038625751165306,0.20919243975635238,0.24803844637977668,0.17375779231266011,0.01638304501316385
0,0.6135151414730635,0.2554448502687943,0.2162610584521159,0.12110986696257717,0.0017095578651473598,0.4111955076759441,0.3280561259672921,0.07495744821708211,0.06297149331195716
0,0.9027722937596458,0.24907914776288673,0.2979813870959013,0.09128528156886882,0.012052165011673355,0.55229913879752,0.24423645852193526,0.0926687793604008,0.007458176739601708
0,1.5707514537899674,0.249182759467816,0.09194979793992965,0.14405697060598185,0.027278689444758704,0.47744495449984276,0.17915743584856336,0.1257231762595428,0.04633877334131048
1,1.3977524842490787,0.28607327614983546,0.19799520566585174,0.3264874106484175,0.12190982764091213,0.2941341688065498,0.067399325184616,0.10655304593026517,0.08351622178923929
0,0.4309270629600434,0.18687392261430416,0.35212699329616715,0.1885775745567466,0.0195248993499007,0.3773437521704104,0.321017910206694,0.07138511746133139,0.022150746254916975
0,0.9471380626337067,0.009358626330198095,0.5885160046275837,0.14034618336363233,0.0490850635746441,0.08992235717241195,0.506267669583114,0.10545535723547157,0.10892336907072604
0,0.8621084098292378,0.28519461578148064,0.22797498588467738,0.14597203133878195,0.06560693053771464,0.4254751700450255,0.19745551884179183,0.12822791607432107,0.03726243316236508
0,1.645295331978578,0.1394089157458429,0.582608037316355,0.05875251548290411,0.022070273489161685,0.6089450992404237,0.13976636791025654,0.1511311923044516,0.019334551572802318
0,0.9284271864293453,0.16044753019443397,0.160177242040861,0.16362878400682102,0.07011823316841152,0.33005419265497343,0.1914906648427804,0.1937762113633754,0.05093191396363843
0,2.2449319348862677,0.2210297276161326,0.08440021961074122,0.14738706155126438,0.04548991026888338,0.5916430672853216,0.10004763331028059,0.07724618880518659,0.03818613877906338
0,1.4971561883507296,0.005722578243607612,0.5058112328649755,0.10346646389746308,0.027445631002993666,0.15210497143187768,0.4717532141210893,0.16137516924669612,0.08385455029988018
0,0.4499967737018331,0.1904793663336067,0.36972490961646354,0.12062915039012696,0.02463784693591502,0.44514531778172667,0.2652306861363363,0.09132850259364757,0.053028496162247404
0,1.990895097083917,0.1781433905005267,0.061090808818360286,0.09804871576409166,0.002050470987800705,0.4054929185119177,0.270089130513132,0.20899624392335867,0.015322520299699258
0,1.5159265068975065,0.1771557493543721,0.3457409159842246,0.15187209237925975,0.0186847662273511,0.567227422683704,0.18594461979120117,0.01895452729964106,0.05731657161884285
1,0.8629461430662295,0.18151677611999675,0.12213176361490691,0.26863147757925154,0.08304322213327163,0.30405556882132706,0.2632732574211186,0.017882209403120422,0.06311426464191061
0,1.6723651290929205,0.11735428181732033,0.4879264229313052,0.177730839994903,0.029069360852562256,0.14786529837101217,0.4661099701659052,0.1432990264798965,0.03592550413572086
1,0.8240138788575426,0.015096275244828771,0.0919564847029319,0.19375869268385001,0.004481281340968901,0.560111990995075,0.0708068869535768,0.09818694884195378,0.07265419918457562
0,0.5034792521634904,0.21936211743620523,0.2276487289974441,0.17865634984936643,0.01857897921590189,0.47772322291007996,0.2141997163135465,0.0766165257422526,0.03422520596885269
0,1.2971138466012295,0.20795808107448796,0.45453584661868235,0.3523665862186542,0.02732168679570428,0.2211559829133367,0.21923383985299952,0.054081348559472595,0.12584055565983274
0,1.6535008110588043,0.15762793643378656,0.04416783440613803,0.16833856501999103,0.058692284700155216,0.3044917218708479,0.23053091884779975,0.16760783098332557,0.07033867857788041
0,1.6929287623888318,0.01607321938357086,0.2137750867667735,0.16250002872711689,0.059496263914564196,0.245289098010924,0.3182787268173173,0.16557299293713185,0.04886288959294582
0,1.9384511530382036,0.0702770290640002,0.3187238186372516,0.11823743281925514,0.024845473693883607,0.4336958764407286,0.3378214323489239,0.038690395950104185,0.0467093887471047
0,1.241303288062845,0.15986284817300903,0.14993970429948186,0.1260736528660606,0.05571745063607625,0.4077361461976349,0.1939059303694822,0.18642436756329842,0.030142452367447618
0,1.0495194048633238,0.10630528374822064,0.4655473784761389,0.3020464787369908,0.038943546568119394,0.1738415709104485,0.3038820354533565,0.12769462319895605,0.05359174513212871
0,0.6758461131774189,0.05442375341357971,0.3875825167314661,0.21163106855207017,0.032699734100387956,0.12586593254464226,0.40589661797149396,0.15459032946767512,0.06931631736373058
0,1.1453443878515732,0.06911334415322798,0.0854823768789529,0.06793419468916832,0.07915822124093988,0.19136794629485837,0.437729325717814,0.17799947060992274,0.04581084144729678
0,1.0072349399786824,0.11503171880132639,0.003716365892982276,0.197116913069472,0.04153969160604195,0.5029025245838193,0.18218178761143594,0.057619194327425294,0.018639888801805622
0,1.638510999266476,0.2339967895299556,0.40955148962752963,0.05784694864030444,0.039438988935820936,0.5030117987720572,0.10820717217221268,0.24648909709026556,0.04500599438933931
0,1.4350954179490745,0.06914357394101457,0.2631011946438406,0.03482620249643914,0.04984698624047935,0.39827591927228695,0.3513434041156308,0.12261841432930774,0.04308907354585612
0,0.8049419440795981,0.25299898880275,0.3748426105572819,0.07051165917459225,0.01568433809663538,0.5268703790657125,0.1984814604539121,0.1407562085462925,0.04769595466285498
0,0.4,0.08870815426008474,0.31790839621862005,0.1686813633467926,0.025641443412884605,0.5652520043844357,0.07777570830234089,0.13697283591459347,0.025676644638952768
0,0.8599518117305629,0.0023714531918148205,0.39030784733743457,0.15093600561095233,0.0007209506007707638,0.37275441810438775,0.35190265097865003,0.07159513527056627,0.05209083943467274
0,1.0804150747731067,0.21470424608704944,0.41595994878457293,0.031923009909943116,0.05089175304234133,0.3954103699354458,0.4191012418530475,0.02971846973247391,0.07295515552674836
0,0.976727873978226,0.021678776471146077,0.42689165627161707,0.23791536344211917,0.053303689734290616,0.3263262824480242,0.18159593269494814,0.157983495250326,0.042875236430291626
0,1.0292604112307044,0.1220323612333727,0.31250213961500983,0.04052067940234184,0.05325583997660766,0.47269596793376784,0.32944543687921723,0.03958595982436748,0.06449611598369782
1,1.8886594512674586,0.08923215959437182,0.36451815759066797,0.25905387031544597,0.08961161225710408,0.1361195720447655,0.23685115191649556,0.2291236530317059,0.04924014043448302
0,1.723087550310586,0.27644286563046905,0.36623081909580135,0.18611021318127477,0.03283707633476094,0.506264748322429,0.23929569033692435,0.02789339934711323,0.007598872477497712
0,1.2229811375101252,0.1171529637715581,0.26414320515184087,0.06495990129854882,0.03472520389273745,0.5433859952098785,0.18861921237533216,0.1251785979407357,0.043131089282767335
0,2.285677507889506,0.11379520149361415,0.31633630499171467,0.16409744114868388,0.032177445147931465,0.41318990925199905,0.25808173300131615,0.0904876855196698,0.04196578593039961
0,2.194604417007362,0.2659202354063617,0.349314321040115,0.05616404596592568,0.044129360976867295,0.6711290821682417,0.08833805962742199,0.1046414165018854,0.035598034759657844
0,2.170764355242925,0.18697771346670713,0.1397322975370819,0.1397054621526337,0.07971154679903722,0.26093753805948616,0.4055415125240462,0.06051687061182582,0.05358706985297085
1,2.435920569557551,0.22832966696594256,0.10437923520972305,0.2777226714295187,0.10962748811927148,0.08915074906503435,0.29334350162841594,0.1980048491392638,0.03215074061849583
0,0.9842558083268861,0.19585998631286647,0.20402620016087283,0.019538213533320185,0.061757258635780576,0.37499435211116416,0.3537240235826243,0.17895634835408705,0.011029803783023586
0,0.7281303335952355,0.0994200196184573,0.021130760906315358,0.06224814546028406,0.04168617781780751,0.5706087653075941,0.21435504833997773,0.0677273322032217,0.04337453087111496
0,1.7743850676466577,0.018321542435925296,0.4584012887034242,0.25043419510371423,0.030012414704986834,0.36239150883716514,0.12609995796671225,0.18053482903463808,0.05052709435278334
0,1.8993148857448707,0.0591454138498095,0.43268073164903736,0.07855315702437127,0.04991210659155528,0.5527690278190539,0.14587106801368635,0.1294635794052136,0.04343106114611956
0,2.184118803145098,0.2692341595929614,0.368724629653249,0.19835390063941177,0.05386746332536957,0.47214726052375594,0.14336345831327943,0.06396448244545604,0.06830343475272733
0,1.0781125740306947,0.20357589275366056,0.5346120823159322,0.13305131627481334,0.08339148987591877,0.34078325353539507,0.2204823809246383,0.1957148247864308,0.026576734602803635
0,0.4,0.26062719785001076,0.09142832539849333,0.25243521554104437,0.011661142698472125,0.08064556214445912,0.4364331245517013,0.1858213085209427,0.03300364654338048
0,1.332508543512748,0.2700432210348183,0.5039505307808066,0.22351196836010803,0.08754103769158703,0.5465937339694602,0.05662523242048226,0.04119539578325764,0.04453263177510478
0,1.435699111920877,0.139916663340356,0.4640099265901905,0.1824336428364484,0.03503971850649507,0.43683620158779995,0.27842202934206367,0.0319406491028322,0.03532775862436077
0,1.1915593270794291,0.019190629115870318,0.08031371104913033,0.058468834886551274,0.08733240809063628,0.5983167682244497,0.13546148485899606,0.09085584732800082,0.029564656611365706
0,1.216290839448456,0.25862559675452895,0.5035887289055194,0.023083975021854667,0.06348298242919681,0.447615945219995,0.3824094844823386,0.02946910326409268,0.05393850958252253
0,0.6533692164840209,0.19334055868130304,0.1039311162745592,0.1254296000223933,0.05107784144499737,0.3403243245684934,0.32704103771346443,0.09687582282306105,0.05925137342759057
0,1.3396616508910175,0.23397416431686657,0.3571099998004123,0.17427183781515648,0.07863109919189697,0.10505816161130785,0.4446402762413072,0.1487886027122542,0.048610022428077194
0,1.2544293030247033,0.286840858348199,0.19610700599422928,0.028899672763706107,0.0679856469846846,0.6390089875609289,0.0727944498981815,0.16835539603764865,0.022955846754850302
0,0.748017954149004,0.26091772935074325,0.4189204885578732,0.19566013371029,0.03916620244461457,0.23808382228047792,0.25019381653910333,0.19273566191736471,0.08416036310814944
0,1.3495619341365237,0.27139946936065923,0.4250789297054711,0.0662107295551056,0.0157276229302434,0.24587856899963856,0.499771049123437,0.09393180783225213,0.07848022155932319
0,1.474777525296107,0.07935518209305911,0.5815316672673732,0.21152048880267232,0.042017632674860576,0.4806045103883666,0.18682629694061367,0.015160411027771633,0.06387066016571527
0,1.302087914091476,0.18935765293935525,0.2797069943801542,0.3519059616731647,0.003792265342273465,0.31712035385473936,0.10093563985907175,0.15433779905225195,0.07190798021849884
0,0.665161251467116,0.05837239580976717,0.5514783669245977,0.17040394269819542,0.002804950666954147,0.3947450593392024,0.34828420026300877,0.033069983594779986,0.05069186343785933
0,2.0354393253348637,0.22047500340930085,0.16312265130415338,0.08756877194334779,0.00892164670909985,0.6040040982336755,0.19802614392364357,0.03553145110713317,0.06594788808310015
0,2.1323438480000396,0.25578607574802736,0.32437714972124415,0.0738652504471858,0.05616700987211913,0.5329877654296065,0.18792572734655166,0.1020106872614576,0.04704355964307941
1,1.3347894357885806,0.07895908326994928,0.13253239885698723,0.2336681108547253,0.003863019510663684,0.26818860307618314,0.30463544654567437,0.1188669119588516,0.07077790805390195
0,2.1004956737193567,0.10954731178350428,0.5413039669006127,0.08927382690706302,0.008630692807371523,0.14011661895611424,0.4308151034314224,0.21988315242185627,0.11128060547617268
1,3.0757713832012885,0.21279745049726684,0.40927509709072163,0.019594876441650918,0.005702616682103916,0.47179916514746617,0.3538309228814001,0.10444213688581665,0.04463028196156222
0,1.0083919163588826,0.13860074494041458,0.30385023040329445,0.3222572912042259,0.04064091947262262,0.2370920022261963,0.1287791843971086,0.21871207418815208,0.052518528511694446
0,1.0045877893103263,0.2998223296014458,0.18249800856446313,0.15417263953644506,0.05535872388767577,0.47228510935969914,0.24402207044776014,0.0597995643806152,0.014361892387804803
0,1.0017894332900399,0.06403047629162524,0.5655107354134405,0.04662527098486368,0.009694799722923865,0.4159601711528976,0.4030473429008162,0.08347892007475893,0.04119349516373982
0,1.4257788426188336,0.15885396242860297,0.2649978153386423,0.2796440062911538,0.04464166537937616,0.18266765284242717,0.26867972966419035,0.12370187170432785,0.1006650741185246
0,1.794011985771394,0.15564191696653568,0.3902839467370498,0.10454748804485231,0.053550802589636314,0.3060935876317324,0.38307812688515425,0.10389132478448106,0.04883867006414361
0,1.5503793035158875,0.08191589453378581,0.24057168566862797,0.08115880907920718,0.048218150738873054,0.5616891695841538,0.23023383190042632,0.024134908147503367,0.054565130549836256
0,1.1350792281747628,0.17367576161777226,0.27967413794979595,0.07123586442050449,0.009399035493839554,0.634413477798112,0.22256638199262066,0.024591565652251186,0.03779367464267205
0,1.63218236503352,0.23001136503186345,0.4833726104741419,0.03190766925254218,0.07875120357416641,0.31723603555579993,0.33956868697040016,0.19544405752645208,0.037092347120639205
0,0.8932981495981563,0.2363545812197982,0.3226922379954528,0.2976658005665853,0.018883264622563237,0.10954941672329072,0.23348417562004095,0.2655579214118688,0.07485942105565092
0,1.0047993966340547,0.26846276428684546,0.5803727574991352,0.3969827723340125,0.042962745139680326,0.06939341041935772,0.15051896783412355,0.3051797062253583,0.034962398047467584
0,1.0057595586227932,0.15841613340731334,0.0374857879544707,0.12318849539445413,0.015573639115347416,0.40762499597083274,0.29610069708205333,0.06650130405459415,0.09101086838271813
0,1.5116155924465693,0.19148825877216294,0.4927755790107877,0.13025192696457666,0.0048000806596140535,0.47295003120892715,0.29378998090374625,0.08081520209095196,0.017392778172183904
0,0.7151648194504261,0.15161012898236706,0.3145252125073835,0.05945152561158952,0.040688592821533885,0.5428682308664537,0.15328836385601033,0.17864927988909646,0.02505400695531601
0,1.901529419764322,0.07816610028100299,0.11352043424901523,0.08990962325963602,0.010600886963702469,0.598521075015653,0.22275147001723916,0.03180128951187809,0.04641565523189134
0,1.2345743849873902,0.20553834583638278,0.5398477906163697,0.18857779307493047,0.0514131444841985,0.12476611144813257,0.590454457715927,0.02064273743779077,0.02414575583902071
0,1.8972825968473783,0.24878378963269798,0.43286677063890006,0.09388023351679244,0.058167961831959415,0.46089808541999017,0.19481749904002327,0.13857778313672536,0.0536584370545095
1,2.3482942612972026,0.026304239605158007,0.010473887561040129,0.04736483679493396,0.038925464869695156,0.577364307180264,0.2781037115923626,0.0422671479211288,0.015974531641615643
0,1.0948803770072582,0.14767169043966397,0.46690506302528767,0.052377861435773096,0.013614700533303407,0.5516430846577602,0.17762587217526654,0.15104508134020797,0.0536933998576888
0,1.324176651857246,0.25671025260459107,0.33340808675964145,0.03469739238260289,0.003702086397219254,0.27437669962191236,0.3295649094481888,0.26928984804547496,0.08836906410460166
0,2.380475314261329,0.19865810541521015,0.4531897578512095,0.1014004047538563,0.02451271877627554,0.4185167154108031,0.40315287544480966,0.03591246805595273,0.016504817558302572
0,1.9763074982420687,0.2857502601976041,0.49394085224381934,0.13946000951911436,0.0437664733053027,0.6029593672863294,0.09479721179004297,0.10787990171145818,0.011137036387752507
0,1.0989776039059047,0.13274303191775072,0.49028747218097696,0.22709350098727313,0.03556181677720553,0.40700636601841944,0.2460231923950999,0.02099844725617656,0.06331667656582547
1,1.6133197603709708,0.07441563402716046,0.06256330780653864,0.043501237696908515,0.024323078261368605,0.748368896824716,0.07772782520457956,0.05718313168190437,0.04889583033052291
1,0.9164115782814061,0.024638162041721343,0.5497529453304961,0.030147818155622688,0.03490875349482633,0.7466655524017074,0.04627782206859383,0.04011529780781839,0.10188475607143141
0,1.0668786964095724,0.2998704984899529,0.1377137417893729,0.08094941092046902,0.025517628300492208,0.7314676855514122,0.06738104427214966,0.05938153019241864,0.03530270076305832
0,1.0199306460094406,0.21961148142626186,0.5421092918138173,0.06555303459107431,0.03361060236536703,0.39248859536263736,0.30142559566771776,0.13363261374586244,0.07328955826734113
0,1.0203959146836379,0.05481584492488871,0.594353496191681,0.07499563324695621,0.02377088766832092,0.4845638123242439,0.30884349584200227,0.058803950072523245,0.04902222084595331
0,1.9352304717607742,0.09783859806428932,0.5042206543866719,0.084875105935046,0.03432707623946382,0.6293222008663004,0.06723414263258896,0.12847198741190463,0.05576948691469624
0,1.2775188199627934,0.21361281605572566,0.3916843219613403,0.2008994779095359,0.02986985054183007,0.2631678211245176,0.3534243172917491,0.02660937472108142,0.12602915841128595
0,2.1582737882351832,0.2359991454300563,0.2522667822376698,0.06932017856725169,0.01595370959843779,0.4623844332534775,0.37867502793017765,0.04126306035638752,0.03240359029426787
0,2.369191680856204,0.10560080143392304,0.30875621420374066,0.05883433507803525,0.07542040118846394,0.5563377770920732,0.21422136769905334,0.0836360488255514,0.011550070116822814
0,1.016381707263841,0.2956350230416592,0.13530701559972697,0.021809905519448166,0.009002179677865527,0.6796539013307783,0.2008474225714059,0.06643907396739294,0.02224751693310925
0,1.709788235920243,0.1408309347822222,0.5293623783294291,0.1537754983989025,0.06657694730458912,0.3786188928757009,0.2548847734062984,0.05826467722123979,0.08787921079326946
0,0.7528038451872561,0.07898445613720809,0.46931995427410506,0.20428851138382717,0.06809379438051594,0.18190615341562635,0.3721555495234705,0.06366574713542016,0.1098902441611399
0,1.1041790312406956,0.21982367841224024,0.000810278349435678,0.052598387873458864,0.009931533623942126,0.512064167123063,0.33739290717047327,0.06548014405674253,0.02253286015232001
0,1.9928041649630481,0.1203946044355853,0.5793460043105677,0.054269792696074515,0.054080068096895986,0.6422624866636558,0.16381191421628266,0.07587367473752707,0.009702063589564006
0,0.5066529062753261,0.04917248173805481,0.4903201266335424,0.029705300760926385,0.0033765564692620318,0.6422546218816971,0.15113370743430976,0.11164445420358357,0.06188535925022123
0,2.0557772986742053,0.028643573951995325,0.32331580284755457,0.06987857668842498,0.01841404827139337,0.5732805637260346,0.25104304035454583,0.07039124775574983,0.016992523203851428
0,1.5655560383638383,0.0226604323951341,0.5097200396299634,0.07749005354726711,0.0244839262861463,0.43511952697949663,0.3451945167041056,0.03470770600431327,0.0830042704786712
1,3.2197955807665477,0.04760570471136708,0.007518498944866314,0.28128494009874144,0.12258983756342055,0.1093530975471298,0.3789945696419085,0.03197539581196208,0.07580215933683775
0,1.4718685246946084,0.19932325542674117,0.5509511179980007,0.31014592896669696,0.04586203888844998,0.2965442078646533,0.2717916596846124,0.011773829892872734,0.06388233470271464
0,2.4467105401540183,0.25912878904141234,0.061501499963590285,0.19952485197128525,0.038818376475185476,0.20775760027429327,0.38351658972881114,0.14117485460136445,0.029207726949060445
0,2.225982711080269,0.1459781291836735,0.559575967731545,0.14520720443922758,0.010571332452429688,0.6896659206012814,0.10034469828150624,0.023500424186575677,0.03071042003897966
0,0.4,0.0419635109718011,0.4215133239754642,0.166138593901519,0.03819832701094291,0.29962955644901346,0.3401018400096073,0.14799726692801868,0.007934415700898702
1,1.8073010713223323,0.11788056926319675,0.3527673608273749,0.25461601828157127,0.0496847255700657,0.5564858239544693,0.028245142097729263,0.04154224127215293,0.06942604882401157
0,1.1836764187332312,0.22944627029407613,0.2570201509611552,0.17628286865599627,0.028870127884397936,0.37104997949619795,0.29665065858432765,0.11581943473700762,0.011326930642072455
0,0.8868564229687942,0.03816770722065225,0.31416651115810956,0.2687893019979771,0.07022656765255507,0.2185648603537944,0.14967108791576736,0.25067549160635544,0.0420726904735505
0,0.816292278254526,0.13407069897825966,0.1613971812249988,0.040207588431383987,0.026661340372048457,0.4652705610270485,0.3452906432230414,0.10764871539365137,0.0149211515528262
0,1.9889856250757498,0.18370642074123894,0.3763447803892493,0.13925421080685965,0.05926791968986553,0.15193531136920982,0.49837819221905394,0.07954462638353588,0.07161973953147503
0,0.8203738678164447,0.27049405806192545,0.35426839418230455,0.12488519378330738,0.05231947442380672,0.42029111000673924,0.25151105195863194,0.10653062900304837,0.04446254082446633
1,2.8837556447211266,0.29691337178282795,0.4759866009587813,0.06988112095365931,0.11314473857834301,0.4479905534340959,0.29951307906490304,0.029496539868315273,0.039973968100683516
0,1.5303895755948407,0.11198819402920691,0.3877857492154483,0.10839172643072345,0.024688136906629025,0.5069813616279916,0.23112249248381186,0.09509910564463762,0.033717176906206556
0,1.4252666218426493,0.16920394988006618,0.2932482592473093,0.0760028599042091,0.04150975979088786,0.5331478671137835,0.280901554544185,0.026748079720830424,0.04168987892610427
0,1.157374148865102,0.010224437845638411,0.3648663069994537,0.16932291756638246,0.052587895988295115,0.48956224650616026,0.19188784278315724,0.017210833757887713,0.07942826339811727
1,1.7152845552231741,0.02423482847454612,0.3849764060515477,0.20553220707846484,0.004323483867912521,0.6873733425676857,0.053201888082573166,0.024147992931577204,0.025421085471786644
0,1.8931400496982107,0.13011647680673455,0.12367427985536607,0.13455346570854104,0.020491783070835278,0.4451182097566298,0.30653611530524555,0.04263820872062263,0.05066221743812576
1,1.8975842514125754,0.08462513485632978,0.43621680032796484,0.30722241508934717,0.016664970947836907,0.11932635248072816,0.21861646255377942,0.29669335410292436,0.04147644482538404
0,0.6470125854968021,0.23798465124223467,0.04628534689237642,0.1076508662085426,0.01939591752058393,0.31005290621312237,0.3842786338360647,0.11700444596826678,0.0616172302534196
0,1.722410573554745,0.1312858931905193,0.08241802213201845,0.04172175635326865,0.014369376433642826,0.28793602208273833,0.4418989713771958,0.19740335218210137,0.016670521571053032
0,1.285314132913966,0.13884711025250848,0.5536111141095637,0.1309806190684019,0.029984342016024366,0.37681712694156144,0.33401300995749406,0.12131971418590401,0.006885187830614243
0,1.314263956295475,0.25109963347205355,0.4694624351247143,0.09809865506963943,0.0595470684625222,0.4324090285760748,0.32382887700113155,0.024690655111510883,0.06142571577912114
0,2.013714163286774,0.0784444330077918,0.553802551854862,0.11330519469443716,0.026987551346540576,0.4639017725775399,0.3110181842529019,0.0410689137996199,0.0437183833289606
0,0.9544837723131292,0.2524955946747979,0.3796999576740672,0.19813010690800947,0.020464172370165592,0.13083597779792827,0.46987511067845994,0.12289191731480147,0.057802714930635275
1,0.8668474397213642,0.14878293547243646,0.05630658818562784,0.0360366921822086,0.002611721671621868,0.5686166561926675,0.2807172177956056,0.09013242127295186,0.021885290884944324
1,0.4,0.2954043259938072,0.5095779621441688,0.17626064735436553,0.038992550255135906,0.6116040898790994,0.02821571775687697,0.10235191736278798,0.04257507739173438
0,0.7833230382170817,0.09906281353564407,0.1288336584482012,0.11699827645238811,0.06573076106330551,0.19173405763261167,0.32343808325297185,0.23239314546644438,0.06970567613227847
0,2.041356204084454,0.2695426477557954,0.032074667745412656,0.0996506634509104,0.031299444773753356,0.46217819486012496,0.27821144218198185,0.048645850279901745,0.08001440445332762
0,0.813949834923553,0.25575070028297425,0.4944955963121079,0.017013751685201545,0.03017513675459608,0.5071229961855824,0.3309076285256073,0.07355818399920874,0.041222302849803924
1,1.588230499398414,0.2764241404111577,0.047554902222071906,0.12361763212460214,0.056782345003120224,0.393071280415093,0.056331220655241675,0.28572868031681403,0.08446884148512883
0,2.6933366575606064,0.050851655879769066,0.08606560677132206,0.24815423663693298,0.02350515516730874,0.15433849802134356,0.45724586347874036,0.06094690029601332,0.05580934639966098
0,0.9988367066533771,0.2121966058847897,0.4516655358704532,0.10166959487665733,0.06608916378757813,0.1697942412954048,0.3052821864154474,0.2569270863406918,0.10023772728422059
0,2.865919250052837,0.005974295487108383,0.3444936413553522,0.12691558717441373,0.012976883139351667,0.3340993727147942,0.3493623165390435,0.1449386843729017,0.031707156059495374
0,1.1964192999897216,0.14246291341287734,0.13872098253454948,0.24102758367494748,0.05893241088739787,0.18702668105501763,0.29916610469018684,0.19432702044275668,0.019520199249693435
1,3.2025737539758343,0.14282274133900527,0.2204677289487826,0.3628255568039775,0.07138974749923246,0.10390897933458823,0.18082628225206163,0.19312941071642886,0.08792002339371131
1,0.7207852723823079,0.25107840577602986,0.0648601964543916,0.3009293614464953,0.02215730010285359,0.40968363453197926,0.10977463105335399,0.10056333970796817,0.056891733157349744
0,0.7281069549716239,0.2044719758348542,0.42262872329624823,0.1629823658209113,0.04214622864887625,0.365473402997988,0.28242561789552134,0.10896779304352178,0.03800459159318131
0,2.5601063681039142,0.25758458017251573,0.4014449947023457,0.06846699266050678,0.01806817876695688,0.22655368946455007,0.417797910551113,0.20575046132448976,0.06336276723238342
0,0.8071634093129354,0.1368382380964402,0.5170893230962089,0.13902412816252108,0.012826979672216595,0.47695077554604226,0.24465166879264436,0.08579564562012068,0.04075080220645492
0,1.2409476227184122,0.042385732365409344,0.4915630463363561,0.1986505845760137,0.012528891350350905,0.5620680877318076,0.05830906953156747,0.15059118994148846,0.017852176868771857
0,0.8355599485080276,0.1170041180975443,0.06989747427441714,0.15033513892042705,0.010380921007024752,0.47952676466543637,0.11662964035381007,0.2069266007086627,0.03620093434463909
0,1.3206251087999394,0.20980320083413911,0.5052923173404503,0.1130279985195981,0.010313818153161895,0.13774908959114265,0.3548041194143149,0.24811384830833247,0.13599112601345
0,0.6182122705085563,0.19478220760679643,0.08711119976250627,0.07531680138601002,0.024843409162785404,0.5612779931701991,0.20470899993387334,0.08546505488101241,0.04838774146611973
0,2.851027070950511,0.2434387534146662,0.4051064474281708,0.22313421020499222,0.04363784300677569,0.1897470919353811,0.4430854747116326,0.0770640767074407,0.023331303433777446
1,2.0801920559441487,0.021584928059326068,0.47334225802556096,0.14057524847999453,0.10532816218677707,0.5097068085872615,0.0682243169885827,0.06873419487939056,0.1074312688779937
1,1.730000300082736,0.254709739916974,0.09563286806816608,0.32846544103532044,0.021113310093513037,0.3987403640549821,0.09801036648426678,0.06423086661450136,0.08943965171741633
1,2.597361606293346,0.2713179597963791,0.14546946778227993,0.049115723030039464,0.04357905444640917,0.5352144547305835,0.31283677412081384,0.03430097997305101,0.02495301369910294
1,1.8768210266644356,0.14729397819722456,0.4707600264438038,0.3267064961111194,0.031172704044801214,0.1351912970667848,0.29799147020708305,0.18733754415997161,0.021600488410240048
0,0.9866152684710654,0.0029019982859416647,0.4680953006753447,0.05696038601680932,0.07394386897408116,0.6379227007845946,0.09744108230450922,0.05449269029370012,0.07923927162630573
0,0.9232945948571989,0.23525026391890302,0.3237182205771753,0.15852285088009516,0.020671378890322185,0.42876219491446627,0.30402223896584285,0.033643438884482006,0.054377897464791616
0,0.8007451367429537,0.25112259230484535,0.35431199667851015,0.2562641736744583,0.0821118482973097,0.42643715612213007,0.13254121316333048,0.08193837430254068,0.020707234440230784
0,1.3062025805316262,0.06039729833688002,0.43883750531249366,0.09569512377023623,0.022626284516191638,0.5143499771317506,0.29034645357180483,0.03579053732504325,0.04119162368497348
0,1.903489749256639,0.09625102687131706,0.5889409278749695,0.1819102748928219,0.008332307862945832,0.5853942208216948,0.15539577496712656,0.04156996074283851,0.0273974607125726
0,1.7488160162291035,0.25217476578906456,0.20293455853972533,0.08172359439696154,0.05766035060525144,0.5733816558770153,0.13449936358776712,0.10590395529307792,0.04683108023992683
0,1.3818690560204243,0.18447219396744444,0.26583538595660655,0.19963895163854506,0.09519425417920384,0.09351753023949277,0.4354713046831889,0.10091977179979772,0.07525818745977163
1,2.6741768815694775,0.04373859232946404,0.4839552153105418,0.15316685584849837,0.011507146102101198,0.19036294863708755,0.518129882779854,0.0710916956704184,0.055741470962040685
0,0.8696828745764676,0.21676179464330034,0.29946264476688833,0.2480798486444387,0.03842954144672229,0.37163722168515473,0.1547951241453752,0.1063940027289386,0.08066426134937045
0,1.2549077028281368,0.11840736222061736,0.1278097582176455,0.1969471274492122,0.03747838755459113,0.5946722060628712,0.0551804452217703,0.04485364777085383,0.07086818594070139
0,1.8022391385026637,0.23081291567680964,0.35009089800522347,0.02221058357669511,0.08591285956293741,0.30303331908549075,0.2713035036683465,0.23303741701730582,0.08450231708922443
0,2.4532440629110432,0.1651285515586545,0.48883113385933363,0.22205900910789741,0.016746082738093984,0.2219504505937834,0.39817005609194894,0.11819312675200234,0.022881274716273763
0,2.0640275949310736,0.24604197798935235,0.2786120880897769,0.09362797385052453,0.051495128776630136,0.12206370381426153,0.48910279147465224,0.20088885808441345,0.04282154399951809
0,2.086453372052474,0.023249772750229134,0.15620946479088274,0.18494636008737783,0.026955511155522766,0.4371058073828204,0.1940599985789338,0.09750965074072228,0.05942267205462289
0,1.1455622174525604,0.03249181345686379,0.2506870141775448,0.15356064845247372,0.0018154323992090684,0.4584109746754761,0.18677479568430422,0.14141443249387947,0.05802371629465759
0,1.5531172993971003,0.06600845950552155,0.25218064828981407,0.09980982292056112,0.013697245819166298,0.14712685890274108,0.46604539183541577,0.19863938503510153,0.0746812954870141
0,2.317488718097725,0.19548715934811103,0.4148695252374304,0.055932227703472094,0.0541250939809179,0.58210885036977,0.1864938650309149,0.09229855902045203,0.029041403894473194
0,0.4,0.06180157341326453,0.018540778491335685,0.1378757041929513,0.02870304688612807,0.30004405058753747,0.3672786936452148,0.1308799436995752,0.035218560988593064
0,1.1843509516334085,0.26645143550288447,0.05795754857210706,0.17494924559919411,0.012548736274636752,0.3603617694474134,0.3177669433583428,0.06250797411611593,0.07186533120429689
0,1.2288505431572223,0.12871144263847595,0.5571435052304071,0.1444838779284835,0.0831187882299367,0.34895255263401337,0.23744861161083158,0.08421940410577108,0.10177676549096372
0,1.6566336769327639,0.039151408510191464,0.29883341424719173,0.1046856408417981,0.0019476064593730424,0.5131748870621109,0.2108693837913912,0.10544285301703267,0.06387962882829404
0,2.7872219982297737,0.25707818955030887,0.07237222682413337,0.1324764327209484,0.023308403776227792,0.28838497890162934,0.23608042045108787,0.20075469633889279,0.1189950678112138
0,1.4703650845920149,0.29642241029765565,0.13686439077696705,0.12993937422722085,0.05296945961414566,0.5032403386848779,0.21689177253879754,0.07276819977471102,0.024190855160246952
0,0.47483437313940147,0.08237966583091239,0.518831928270847,0.10556738738949566,0.08375532509966652,0.5041680557505182,0.07795983037152628,0.19090570688183855,0.03764369450695492
0,0.9397076235587196,0.16588400850367976,0.42797791725373935,0.09518749325465696,0.05709911145287141,0.4187943218477092,0.3584533284698238,0.017245003160427923,0.05322074181451068
0,1.8603035565879713,0.1943159916703747,0.4376325119764179,0.05121685909658985,0.09864575271987518,0.1455362256913411,0.468188594789592,0.1488130072523958,0.08759956045020623
0,0.8773516927844316,0.23500809130811223,0.271240740852546,0.14009235785194815,0.012351441760897336,0.5280924632521,0.18516839109618974,0.11142071306098933,0.022874632977875498
0,1.5982474077790694,0.2266472943091401,0.24198607520184603,0.14580606375249022,0.012992884896402468,0.5498954721414847,0.20593072102294074,0.04711056894823258,0.038264289238449246
0,0.8777206370302512,0.039117497497321504,0.3412721266862773,0.2298196603744418,0.01400659429527426,0.5775868387678014,0.10722597715452237,0.023643191378084683,0.04771773802987546
0,1.8453961363464155,0.2048137886848162,0.45503269082416675,0.14891037017851497,0.0012506983793402345,0.49421774800078994,0.21947134258206644,0.1194881926473289,0.016661648211959677
0,1.8619612799361005,0.10567798370644294,0.47949946320528347,0.11916740899107649,0.02057139862896224,0.3913034900940665,0.29288658661543815,0.15346354237972398,0.02260757329073247
0,1.6303283398207062,0.0866915065709926,0.27327600732661134,0.01884568865041262,0.03367885830134255,0.5352514289045119,0.2303187206660082,0.11736871921735842,0.0645365842603665
0,0.792708290975126,0.20298520078723106,0.42603743853678316,0.11513573328756968,0.041619541403044746,0.41172484492522116,0.24154084467588352,0.1561396603400666,0.03383937536821434
0,0.8739169651982548,0.06179865827535483,0.5288107228656802,0.1779723774260296,0.06619012217646708,0.6223190888348015,0.049541777785376016,0.036702817658489324,0.04727381611883645
0,1.4957827772486179,0.29411948669596544,0.3918296510791206,0.12293450606373854,0.05233764109895911,0.618804526240518,0.12627975742911093,0.06179498492024567,0.017848584247427843
1,2.0044786406591517,0.1470439979562854,0.13504451026167752,0.2661416209529644,0.06896942392209314,0.20590637693309718,0.11958832818278956,0.21817868249686334,0.12121556751219247
0,0.973314403220524,0.04142822222284621,0.16541519254819873,0.07985433810535547,0.03481305434402374,0.5461461215574542,0.24683707017264198,0.06510560844757335,0.027243807372951245
0,1.361840731796184,0.22422332754703092,0.5476108607009355,0.18960868024780053,0.03334639264245776,0.28461749247082213,0.21203991528418428,0.2311892025806381,0.04919831677409718
0,1.772706631108714,0.15956252538356397,0.599290999432843,0.14499740771481326,0.030113900890167727,0.43549894407699613,0.29447588899972843,0.0697701519982162,0.02514370632007831
0,2.096006924160894,0.16384565532000742,0.15062918789655197,0.13194367954596628,0.04642617073205488,0.3796684094258832,0.28575922660638403,0.1240481977985473,0.03215431589116435
0,0.7125393764432021,0.09837339195178557,0.5474654020941251,0.12005096819692139,0.017102762984510574,0.3540468249321587,0.34539659937019246,0.13209119671392394,0.031311647802292945
0,0.6438427225377591,0.10526121754462861,0.23352258057313216,0.05213390603149646,0.019051689225457524,0.5098342207151619,0.22745858491410495,0.13830344826390176,0.05321815084987741
0,0.6608419129242045,0.07208422861411991,0.08499850124238062,0.06815698464320086,0.03189256007703651,0.42681218268953003,0.17003031534316412,0.2225683599503907,0.0805395972966778
0,0.8680428350306719,0.20570323567980595,0.08289838296222025,0.05244178421094603,0.0035570217425573746,0.4363390784930319,0.27483316955663817,0.15800791855803215,0.07482102743879447
1,0.9816231592643836,0.004605076485092352,0.023115260183414633,0.17423225952976976,0.0462641138017807,0.5235109165083931,0.04857466583818961,0.14956141217251195,0.05785663214935496
0,1.1318620017488323,0.28760301549177386,0.05145654255364478,0.07266655754448913,0.007772065231031276,0.6572598431516979,0.2389658607561728,0.012510240401044297,0.010825432915564625
0,1.4266643375496697,0.2940088190980616,0.5749483026388229,0.20398725633226358,0.006117744722559269,0.5022451993421679,0.19955524343086584,0.07643879251566593,0.011655763656477282
0,0.9814270019221679,0.16254924036958168,0.09362721219200835,0.09060122662723145,0.028015696207991155,0.40360324471567144,0.312070330239532,0.11180946239040966,0.05390003981916419
1,0.629604800105354,0.03235378007074425,0.38640190918780565,0.019192039599020615,0.02695950642703342,0.5478952136892707,0.2747494745956241,0.10035683760408218,0.030846928084969104
1,0.9454570494975614,0.10873473868306612,0.05976250394221705,0.273219333452116,0.02864969338040346,0.5196369356051251,0.09919022323498755,0.06516410852441694,0.014139705802950896
0,0.8461494267421545,0.04805427256865478,0.5609361925987921,0.16682670306340572,0.052334120191165755,0.425182080731412,0.31180040464825104,0.007968688239596834,0.035888003126168744
1,2.053525636192884,0.20358378982890318,0.2625937892030647,0.12038923704954044,0.03405453855861779,0.5285989920814734,0.04529112946887135,0.19520500360056334,0.07646109924093364
0,0.8741195020738958,0.21356774082090393,0.5056600717667485,0.016706556284206087,0.052859516991343794,0.4997005698394808,0.2784189819832407,0.11256228408710767,0.03975209081462089
1,0.4553735178510365,0.06236760542052065,0.05291824845770523,0.1318512739553683,0.19495869653479952,0.24866623941933846,0.34003283090097197,0.04452936791773536,0.039961591271786376
0,1.9950676302268269,0.045275428600578406,0.1469826107941398,0.09408666628651728,0.062154782960443807,0.2989762333178094,0.44286201716835705,0.05817062953108755,0.04374967073578489
0,1.6690302338581242,0.17331608414753075,0.20430245446309192,0.10945597423771505,0.06269716570107814,0.1861788200004348,0.45092322493348025,0.1432360645785041,0.047508750548787726
0,0.8308208597616367,0.10488601223766598,0.4085724779088485,0.22033957792181977,0.013672317465204033,0.516198627571734,0.17640750817074266,0.06533342183412211,0.008048547036377389
0,1.9535992275179366,0.00849233993309002,0.19272766462173166,0.14452312677233523,0.024259364285968994,0.4277082588568282,0.18325786136245917,0.15984294621337128,0.06040844250903716
0,1.0962557737985736,0.055542955790190314,0.5775704236779258,0.22573498085911572,0.06691463474539484,0.07005489874309068,0.42062470975338845,0.19799827014962984,0.018672505749380442
1,2.0627130304652335,0.2971436605217529,0.5925816473519427,0.11728194682574743,0.000557889596212618,0.6407483441958319,0.024818237968172018,0.15071043577722779,0.06588314563680817
0,2.6651642849575357,0.09452662167700972,0.1672045210436221,0.15880891690635943,0.06730195133329069,0.5476647872277721,0.16965271810782004,0.015895639490685686,0.040675986934072164
0,1.510989009766568,0.16866030074423283,0.5231760392010627,0.16018243423634398,0.02777429041495344,0.6298768467573441,0.07645998451033234,0.0790900391019031,0.026616404979122946
1,2.1816779662622188,0.23904474062244485,0.25931453982593083,0.05016458704404227,0.07644520238536137,0.7077520238525911,0.08870571334794172,0.015170679089658188,0.06176179428040535
1,0.4851396283227969,0.014005721622684764,0.25258751204095475,0.23737293699584244,0.07310855731589785,0.27857512180772975,0.23442571944546348,0.1567825716025973,0.019735092832469228
0,0.9903779050310119,0.12062055071489605,0.24610878643631673,0.12566457460233244,0.021754406692564465,0.4979904960068419,0.31849897624035767,0.019766307527866102,0.01632523893003745
0,0.941869607882809,0.22800446039053396,0.30668289683838573,0.17503373236482964,0.019635992506535666,0.5224225138599783,0.14391732039065602,0.0908359655030726,0.048154475374927806
1,1.9913767689167794,0.29577800799394643,0.09558414585071492,0.022962984320706665,0.016781590983535325,0.45352483603886595,0.3068250279080758,0.12794991749742401,0.07195564325139224
0,0.9605434013515074,0.005858236818142237,0.35633718875254317,0.15512151365001792,0.030054649882038265,0.5709163843429186,0.1285843122190595,0.08993313873416878,0.025390001171796937
1,1.7862573653227276,0.2977731754841398,0.014482844755309454,0.07668616159284004,0.066669358733907,0.525265550200685,0.291591290433373,0.019187405170404306,0.020600233868790598
0,1.1026476644920726,0.10256879328132308,0.28863817997878355,0.10897930935279486,0.0257677739234575,0.26489219193888647,0.27250766486146083,0.22010443641382646,0.10774862350957387
0,1.754927810335066,0.19172815025288814,0.046843123956845645,0.0793307317610044,0.020964174947236687,0.524404771912174,0.3076659513103476,0.03689295318287716,0.03074141688636008
0,1.7571249851836437,0.03733816373511147,0.5164528853362012,0.04899587681808503,0.08503997261938742,0.5687567281957664,0.09925433975909913,0.07037610314342815,0.12757697946423394
0,0.9606010857115259,0.2909690424178849,0.5112506108994173,0.05509641918630861,0.0829800438935481,0.16213442197974776,0.5396617426011764,0.07468454916146967,0.0854428231777496
0,2.5346307804243566,0.16606657652948542,0.1631294055378834,0.2106935293141061,0.06644376204669655,0.1424719483342967,0.3771415451425893,0.12076519215493255,0.08248402300737893
1,1.6740756327402244,0.04145597521755371,0.07524394057541794,0.2560861593728665,0.032957774889888665,0.19937490983574813,0.21400343131633998,0.23097299101618435,0.06660473356897235
0,1.4737201271012728,0.16045289616768868,0.4766709352241801,0.3134425596387628,0.022582612570872868,0.12218319002263514,0.339627422131088,0.08409048493891526,0.11807373069772616
1,1.6658502642256017,0.13178340943456948,0.28684114881241884,0.06801752150171608,0.11288534480114637,0.12434935973112206,0.5617293793524556,0.07790681229430942,0.05511158231925049
0,1.0090884800027524,0.06892982941361105,0.3455881908214532,0.042928845351245436,0.04298385495669905,0.5945254839490977,0.24396196745542062,0.018141414576633014,0.0574584337109042
1,0.6682379883411755,0.05477797398828373,0.09303017357466685,0.08609374918497995,0.1032613312488473,0.2165167980302657,0.26433928698642056,0.2735502386084708,0.056238595941015726
0,1.4120371465473844,0.20506527871184577,0.46677108067773265,0.15921572803878883,0.0605284441057429,0.38299330219421784,0.30675312459751797,0.07926213293360128,0.011247268130131102
0,2.408577301590947,0.11591379602503739,0.4720815683550471,0.15586328817918096,0.016453423489926018,0.5749036667114878,0.13216540652156417,0.07127486289969151,0.04933935219814964
0,1.036354288300784,0.15110966293261377,0.2513940391330187,0.020769486877396735,0.03873983631530614,0.5802658656791868,0.23953932194121438,0.05988529484353306,0.060800194343362875
0,1.0163933279771482,0.129459165882032,0.11895001933375621,0.1479824187564212,0.042194145881824234,0.40236576363031595,0.3392899797867029,0.037068046807410944,0.031099645137324737
0,0.6685297139570756,0.28356812863490616,0.5041036609310263,0.25404961178067237,0.006705666324121269,0.3906573439283706,0.24613349976005747,0.061775241671179634,0.04067863653559847
0,0.863165797822401,0.2532776764724846,0.45669922484166214,0.14174062223208303,0.05575122363200291,0.5677033231175419,0.11228663977402768,0.07055688748147201,0.05196130376287239
0,1.5806416988056413,0.16037187576797446,0.4890249203063368,0.10168181801867131,0.01159056448010329,0.5485070054930424,0.1476322929410365,0.12051778182313919,0.07007053724400737
0,1.5368955793769032,0.06696876982346835,0.5862013748476004,0.13943894933514636,0.022995017780143987,0.47346962233703443,0.20925783089077948,0.09861811532443487,0.05622046433246083
0,1.1660490742909366,0.12388116608656258,0.35589189317627673,0.29549207257516635,0.06104848439392883,0.34054638005726906,0.2415919802982507,0.013814168144728854,0.047506914530656356
0,0.985804284997456,0.052052673004225856,0.31640097067973955,0.16462815882546095,0.020012770853878713,0.39300661069877,0.3436740628933529,0.021037622870559405,0.05764077385797814
0,1.3834899464501569,0.210620053403099,0.3441260622753464,0.20466120492383072,0.009558489579789078,0.3225655761245088,0.33379637626253295,0.10873548178190307,0.0206828713274354
1,0.5344617700890342,0.16494826807860105,0.14259834527245716,0.018920435994335887,0.05372787684936798,0.5325394393939347,0.234616922084459,0.12795500066926194,0.032240325008640415
1,1.5987141588401315,0.2721718982386978,0.11467520093503393,0.2963218202754969,0.11938522659197012,0.0981525801343297,0.09968807420214128,0.25184866734789474,0.13460363144816728
0,1.4471220484220773,0.03599359046840712,0.3548734227386468,0.08482987348230885,0.07228573350242092,0.19332479469463013,0.38507055542205276,0.18256388284682876,0.08192516005175854
0,0.6408896555578882,0.09064614111935848,0.07859504442313255,0.11723451476941299,0.017852034750913244,0.2760810536915788,0.38849624283067496,0.11111106422979232,0.08922508972762772
0,0.4,0.29760279402093803,0.5753595813845517,0.11825475185596333,0.029216731572410354,0.45102868726117673,0.27019960897725326,0.06870578580622351,0.0625944345269728
0,0.8494853665276036,0.2753799646273533,0.23206085480927252,0.06821664285951404,0.017841039142545128,0.4476319239979125,0.3152458383527491,0.1022846223020276,0.04877993334525146
1,2.3834196591681707,0.06979058218360297,0.0441474779815326,0.2137668745462439,0.11524682750335549,0.10999809711720651,0.13015788853418744,0.31082979312162284,0.1200005191773839
1,1.0835752138488113,0.04516195937741167,0.028016755291939078,0.221087584213152,0.04259526632315134,0.13360944408582057,0.330585874442268,0.18929765975169133,0.082824171183917
0,0.948926887440041,0.19377539787748563,0.3044478056227803,0.10771857938976405,0.010081446186604196,0.5434101336047445,0.19072661869618937,0.10051889917323899,0.04754432294945895
1,0.7370308320044805,0.0644939526276473,0.23560579590626454,0.0936096302712358,0.03678333307643092,0.6104068964735475,0.04625281805511274,0.14993777334057654,0.06300954878309657
0,1.426913675103799,0.12768037683770966,0.42526235782287497,0.22727392711030084,0.05093362296744226,0.23706254987507022,0.34612948718478614,0.07674669161753901,0.06185372124486155
0,1.8228777103590885,0.21002386616477953,0.49046242419683034,0.12424677871996576,0.04409375362238083,0.4902931190431399,0.2690479726116244,0.06246495626181347,0.009853419741075547
0,0.4933374348726024,0.06566424263706992,0.10591620589017221,0.11673553714002192,0.01179292260881189,0.28529188344583156,0.39753198488462177,0.13574421163896053,0.052903460281752406
0,1.1675749612539243,0.15052747485778953,0.44010982390321884,0.31463770214146985,0.04106897309365388,0.3722932966937611,0.12003260032175893,0.09504825554274754,0.05691917220660887
0,3.108211933506493,0.1856539161487435,0.25856336749221065,0.16203186431887082,0.05013015355590286,0.4210783731986432,0.30762511810951965,0.026421745331213425,0.032712745485850056
0,3.716620982855248,0.12898855612657037,0.2981068640575429,0.04863467571706178,0.06462367801738557,0.3175347424807212,0.43024015214739586,0.07378203101049241,0.06518472062694303
0,0.8278282391660926,0.04484668360035678,0.3698431176741968,0.19475487209570536,0.06334503426633553,0.20145413875887555,0.33248469843172945,0.18055591828187306,0.027405338165480974
0,2.1414690580356264,0.1307632066649662,0.36284280070704006,0.11708460091504434,0.00042459942904746255,0.5462913192223597,0.1679349261723868,0.13096492032015522,0.03729963394100646
0,1.831798439852375,0.13658991189972497,0.5355492766653134,0.12506317716545667,0.04257985370693503,0.6218631068594609,0.13457302750232394,0.03515120736089901,0.04076962740492426
0,1.5436373102714678,0.12128098559283937,0.02273222060243636,0.15217528164552693,0.014283107235862314,0.5508571552164265,0.2115977340169086,0.06259132090231008,0.008495400982965614
1,2.7458370895683797,0.13136287258676227,0.32802656796697,0.3304327738769695,0.1007397944248849,0.2907360226140087,0.24982619604696624,0.01529653952223397,0.01296867351493661
0,1.5093990847455783,0.2955119086903663,0.23515274343602963,0.01998507379270941,0.01732350215930725,0.7380942894008422,0.16870183218239132,0.04103023985059711,0.014865062614152899
0,0.8908966071756008,0.1826288506030923,0.5804846806857439,0.2436567753450847,0.09201103338431874,0.3805664248772605,0.13159610524624113,0.10862667264418194,0.04354298850291276
0,1.6465111571632263,0.25894889840975466,0.023442406237959502,0.14823858498971793,0.014966606427678913,0.21905300506016334,0.38018768962457533,0.17311961532084905,0.0644344985770155
0,2.192979969005272,0.050432382755249146,0.14127524203403888,0.15820978624753368,0.004853155320097781,0.4638894277228019,0.31222735109109434,0.033012162479396465,0.027808117139075942
0,1.1122009497823357,0.15141250640342477,0.059702613548421296,0.022014117776522305,0.02240041938089266,0.5975549462076789,0.18096650625047933,0.16166645082283035,0.01539755956159659
0,1.2937311886834317,0.1147016933470964,0.2094947465349228,0.06184362489817513,0.04663974389048056,0.30594772773774775,0.41684487008844295,0.14031921455889756,0.028404818826256097
0,2.0407859877329706,0.16369585782264806,0.14206335906243975,0.11543081284330346,0.03862760282565433,0.4731077389541564,0.18218930020783128,0.15818974924922477,0.03245479591982989
0,1.139785925169202,0.24786810044512894,0.31020893221696155,0.24568896588505013,0.05693962267300654,0.19887811722945506,0.36786737529653357,0.09561768247762709,0.035008236438327685
0,0.8796706814563346,0.2289858804067952,0.3106508242574634,0.14720856075865404,0.01156730854088961,0.5707833779564065,0.2332321872680732,0.019381896528471814,0.017826668947504884
1,1.8563916169784922,0.07394369253755384,0.012986033842105792,0.3480078890658861,0.07585583099132719,0.18977852188294797,0.10138388631157723,0.17303830864279376,0.1119355631054678
1,2.0388890159246404,0.23686824709766863,0.20695066880031213,0.14314820927896715,0.024591946031619318,0.1648296544644853,0.5296363371026537,0.02125331340120938,0.11654053972106519
0,1.4015161038108164,0.1888488624186667,0.3418121487180474,0.19895514439350626,0.08330405590754661,0.23620473652414084,0.20394134889446588,0.2266747141004611,0.050920000179879306
0,1.1025510226803727,0.1664239915817277,0.18266761705475526,0.18705492159033763,0.005707578312870749,0.32016068037369505,0.29471391930354407,0.13398632010623193,0.05837658031332057
0,1.418488699615487,0.0042734872683851234,0.26689766975133283,0.16794444605798162,0.03953314477224851,0.4803047940238184,0.23766045797047924,0.02017824314291754,0.05437891403255454
1,2.638604749419181,0.16520327462789938,0.4436035255128736,0.19462455915804958,0.06036001246487735,0.29886302078584515,0.3098057873340877,0.06498897234893458,0.07135764790820548
0,1.4130588867869114,0.04100539436126412,0.017604322110016477,0.06888182562550567,0.023866390186479777,0.4699660190894351,0.19866843464170766,0.18077983772392006,0.057837492732951704
0,0.4,0.16976040236964426,0.2930935836965091,0.18419668353786417,0.022390996762969316,0.283384240229059,0.39253092636990433,0.07274529526207985,0.0447518578381234
0,0.8934534197122336,0.2806196337721708,0.27769299707055645,0.13493896146314113,0.0326664676533773,0.5267224726619077,0.21156973828855125,0.041114768910571156,0.05298759102245133
0,2.1884211668612674,0.08860001578254387,0.3891785564281117,0.05564682076329048,0.023049834404535844,0.3376751911601845,0.4222361264520374,0.14673247356553984,0.014659553654411853
0,0.6379685220527005,0.0549741952689569,0.20888255458551944,0.1646096584300379,0.004223566001071972,0.48608624638624165,0.18876733466942225,0.1323136861320611,0.023999508381165147
0,1.0212433751035848,0.003937805452622711,0.43456172710046775,0.15845343617298469,0.0039586265176652004,0.37861981804802897,0.3372943081726711,0.05649710752758838,0.06517670356106174
1,1.2104874815507904,0.1810979438024883,0.002055213666213129,0.23606490992392332,0.07651312407234694,0.27688965988556974,0.3015053106361352,0.06881658122160236,0.04021041426042227
0,2.4556751268481287,0.283742431537281,0.024115621348083892,0.058186414204228945,0.023526397179309037,0.2549246869778496,0.4502355071219257,0.13966495536361118,0.07346203915307556
0,0.4,0.07227042165086518,0.041442745925669745,0.08832944331060884,0.044149000604204125,0.5482743423723371,0.21874777022515748,0.059732498358642194,0.04076694512905018
0,0.9748499804777473,0.06505354762379097,0.5135455381409473,0.15398854902683523,0.010328791963679765,0.24679153912196317,0.411015050994615,0.1124820702253252,0.0653939986675816
0,0.5124710973642647,0.29477698560417975,0.1892483670510468,0.1759383548404297,0.004170401858071518,0.29652605519157865,0.3241823407554653,0.13592455851469218,0.0632582888397628
0,2.3914861513660024,0.15071685550840558,0.5242358299088857,0.14147370025271697,0.04798481096198407,0.3271372323028205,0.4123539869748289,0.01362462075216546,0.05742564875548427
0,1.071095270050652,0.12159542542636126,0.4699216751383988,0.050823160501645495,0.048999525076865315,0.6932603623510503,0.03859648029136626,0.09719322361653106,0.07112724816254157
1,2.140893535806727,0.2340947288321222,0.13271369949972686,0.04309665688926801,0.0018454603827285172,0.5160205178152295,0.26630112384033244,0.14044548224945058,0.03229075882299107
0,1.121140970542994,0.286433603314082,0.4692907574982877,0.11497729718758572,0.07223826507342997,0.22850040993826704,0.22947087872938435,0.26885891428926517,0.0859542347820677
0,1.035687666569042,0.04963185493736594,0.3382432537937166,0.06101539269521503,0.025838560415782273,0.38528129883582235,0.34241081074499696,0.15323341874743032,0.03222051856075315
1,0.42804612602065756,0.12563136093411326,0.31014080929574234,0.3420995267288737,0.020437881764798486,0.23980982985776883,0.08493856961327269,0.2147600297941956,0.09795416224109056
0,1.4081407903938392,0.027980412697276302,0.38273956276471277,0.2265387652226397,0.0433968743564796,0.3858463403699143,0.09919386576737158,0.19832875077275433,0.046695403510840616
0,1.4214568410123238,0.003386976559016885,0.045398224996111854,0.07806291861290747,0.009248210478698927,0.5974795605988079,0.23573521097534597,0.050946677196975015,0.02852742213726485
0,0.44076052713590286,0.07305145069722326,0.1414881601651287,0.18741036957606771,0.01376612683520807,0.27713007133355133,0.3612868313402696,0.12473923198244023,0.03566736893246302
0,0.7581189444669066,0.13253498720993295,0.4980688322436291,0.18773103828779994,0.15045890282337587,0.21145442639013373,0.2770891602903016,0.08966831587803986,0.08359815633034891
0,1.224510307654259,0.2156240174553794,0.31620589733807186,0.1583565233545728,0.008271211580939311,0.26157793097836063,0.38463732407104256,0.11332227091960194,0.07383473909548285
1,2.070411045167309,0.14432665303555722,0.052109681769776546,0.18331096794345939,0.03652204376316929,0.5799580533192087,0.019246231556110893,0.13942765158773412,0.04153505183031747
1,0.8171252244455636,0.25921569452749726,0.009410391884696723,0.16604159639113042,0.03874751801042942,0.5531492367113405,0.03069996908510454,0.157118461342997,0.054243218458998016
0,0.7633887901280851,0.08361198898235091,0.0022203214899416232,0.04162083408325594,0.01956683143967623,0.30152665814915514,0.41956529014404736,0.1594952610104193,0.058225125173445975
0,2.4297054259086273,0.1089917168852337,4.400637224328818e-05,0.08180942778418195,0.02595498963817409,0.5683643585524714,0.18582321345383962,0.08555923973086982,0.05248877084046315
0,1.8034205925675253,0.004724231053684657,0.5417613697315876,0.1732176657936303,0.07515084596173467,0.4593900964829329,0.19875978973539657,0.029708743731114092,0.0637728582951915
0,2.350883770954568,0.22234780064834242,0.22848205796705356,0.0985355519295652,0.013780717945618392,0.6447836400521926,0.07407668844395007,0.09317710687514673,0.0756462947535271
0,1.4157646677830398,0.018310978916720632,0.1925294346972032,0.1556508967277923,0.029225454820701893,0.6850250845864496,0.08069351335906759,0.010634703330223746,0.03877034717576483
0,1.4527599389557517,0.12231905408282033,0.09313575671748757,0.18488999963945837,0.061940308961709385,0.2300503240267565,0.40765335795813146,0.04754448195184634,0.06792152746209797
0,0.7692089094653334,0.13558431431844467,0.5115401088619986,0.12880489099379833,0.045716297960742655,0.3979322558171342,0.23826914880371547,0.13104818120901782,0.05822922521559159
0,0.79767530114,0.08549268773952481,0.23695628037926425,0.04004585170008331,0.03594076804292597,0.5015865625807802,0.24663699003330217,0.12852354397048044,0.04726628367242799
1,1.8842138153454338,0.05447765351836886,0.5624127485856921,0.3482862122590041,0.07901669899484917,0.1309016249439651,0.08191284427117333,0.2631887654813818,0.09669385404962647
0,0.938081011918077,0.03340591157261341,0.48209161622309826,0.133019016530829,0.012641407419727184,0.496848992912057,0.26948229427341797,0.03477517296376481,0.053233115900204075
0,1.288076715051489,0.05792182467011392,0.5506466051677242,0.20199690535248382,0.06693771076380026,0.1428593519853356,0.40054021743504364,0.12138771184420184,0.06627810261913476
1,1.8668074783404323,0.2898567763557307,0.09870939893406029,0.2782237462324756,0.01143937766818405,0.4003193356185832,0.07123853031814116,0.12588961315043687,0.11288939701217915
0,2.462491605328854,0.2761026843922366,0.18558006388333922,0.13939852000573164,0.05023820802792056,0.4070644471347966,0.3374898926464342,0.028039945375660107,0.03776898680945694
0,1.4761532251376708,0.07003922456917726,0.5676731073587211,0.08489937990347506,0.028435996167432993,0.4704235488280786,0.2792306094970663,0.12088433958135827,0.016126126022588692
1,1.9094391724747921,0.009549022255348538,0.3024978885914916,0.19258346477894758,0.12385109288044917,0.3455860478665547,0.19295937408754218,0.028882417730225613,0.11613760265628086
0,1.4576308554250792,0.2000680126177667,0.12027616694508507,0.07774835046161706,0.0392070733572899,0.18572636543675533,0.4564186451256939,0.14905756458955485,0.09184200102908893
0,2.173403789787683,0.015271708230400083,0.22915671127527584,0.17215877621274192,0.029733398400247243,0.42022586192370637,0.2899558446515678,0.07167149796429988,0.016254620847436854
0,1.6618234369509377,0.07742129689033192,0.31683302559073484,0.08441805489749295,0.042403796923803944,0.5236480506103548,0.24816210591011179,0.03976583881061579,0.06160215284762068
0,1.7872974528019596,0.1676543458738299,0.3471711297460207,0.11216349403901722,0.031763859211272574,0.3411749755240128,0.24285271928727029,0.2098647507076218,0.06218020123080526
0,2.3802573503142423,0.14976421038964796,0.15474630465776154,0.0986581146161229,0.02974678841167646,0.37934527585348293,0.3202313809402698,0.09823746619882665,0.07378097397962123
0,1.7773451955634552,0.225251996553393,0.4650798467081058,0.1847962258121084,0.03821965871919729,0.5769526513612634,0.029019574177283385,0.15501476907703787,0.015997120853109704
0,1.0931220260074566,0.1757795742622391,0.4748517967910736,0.037146946898192396,0.05502208923418605,0.6293838119321215,0.14021408879124167,0.10846410966900241,0.029768953475255874
0,1.020102546387969,0.03542091884353182,0.2790029050531263,0.1642450344655392,0.06211753648993009,0.3408804480480933,0.2823369963361859,0.09665316389462035,0.05376682076563107
0,1.5796777391284085,0.2903979158823752,0.5033367640677402,0.14856489323113625,0.02331779121277847,0.5916414329582028,0.13073874776083758,0.039773603835507425,0.06596353100153744
0,2.195462392471531,0.10161697162613742,0.2596198326149688,0.06712905604513048,0.01899736531215925,0.47233689635329246,0.28004691003670007,0.10443876440014485,0.057051007852572826
0,1.3324852453106555,0.190677668287835,0.4690637574735062,0.017251476724389002,0.025266158063244264,0.4556569166594886,0.36313532640262297,0.07532476263383052,0.0633653595164245
0,0.692884802263825,0.03884572084782428,0.06566263871723041,0.16957447313167376,0.06411224794503716,0.5444249454662705,0.1527375082857403,0.018924413059280405,0.050226412111997916
0,2.7586302072517714,0.010156692708093705,0.31196194873544675,0.12270990210865694,0.02425422594300148,0.42566807991956224,0.23161051881469566,0.14486949404756125,0.05088777916652264
0,1.9082076441990283,0.15277951166675816,0.0006357710630290559,0.03431474655762947,0.04944412843630253,0.6026102564016257,0.1614751721700926,0.09159223356298855,0.06056346287136124
0,1.1955276970119095,0.12601359305134732,0.3323281891481797,0.11665568316711857,0.014451292220283076,0.4771213913738182,0.24555113418518712,0.13046759124198265,0.01575290781161054
0,1.0672158813414148,0.03486945998890382,0.534279362154987,0.09756068681313577,0.012393883840699857,0.5475444623741341,0.2249423180308084,0.07441709023346334,0.04314155870775834
0,1.888359298413322,0.28883719283479337,0.3128240646764937,0.10398940546883136,0.030417532180334703,0.4633516268367355,0.17149696496791889,0.1720513800170808,0.05869309052909889
0,0.7748215660010668,0.2853208655386766,0.5048012739973425,0.06099698337800994,0.04449893534329635,0.5704531294249146,0.2686528563681444,0.04004685368045094,0.015351241805183678
0,0.8074759088566099,0.1163649878039072,0.2627087418941611,0.22254274926522438,0.011014010169878297,0.2652656434555379,0.33425084801243743,0.08428638276918059,0.08264036632774148
1,0.9005815585506445,0.17615222298191704,0.09582445562369098,0.3617587791020267,0.011931648168831865,0.20862536187523534,0.16371245250776537,0.20740071020568057,0.0465710481404601
0,1.2102610544334191,0.04597827926976703,0.11963872093606924,0.14642584377232054,0.026746875772067656,0.5348631287129266,0.13057051089102034,0.10832480243012753,0.05306883842153727
0,0.587194793631995,0.00498882611353445,0.13227314640318827,0.05059355406476402,0.057547559642894514,0.4120107557396343,0.36490535743342206,0.046027970643812074,0.06891480247547302
1,2.1212247302712472,0.05288213093221659,0.2026077189868314,0.04986105562148137,0.0769029717226609,0.23057431172589632,0.5035341574738437,0.06183337544251804,0.0772941280135997
0,1.0552944010199674,0.24833683898294218,0.4052534421719027,0.18521853892726367,0.007812830204323948,0.5203773102214095,0.1618590377097419,0.08845415165817606,0.03627813127908473
0,0.7816232656651372,0.1845322393404111,0.35236175906383244,0.12086980942647951,0.03641671547383536,0.1993996702897861,0.3388250265692443,0.25947266627234133,0.04501611196831349
1,2.311498201009526,0.18125584893603555,0.0030743356986564275,0.21684616487349598,0.0534778481372745,0.3974959137855227,0.2674089787996604,0.020493729886014864,0.04427736451803145
0,2.4035525359646757,0.03528076735092721,0.2540241455936279,0.22441791823271345,0.02784194307291559,0.4082469240248487,0.12105351143316849,0.19403147778277044,0.02440822545358335
0,1.3817687042757059,0.2801554301811235,0.19810599324803593,0.20990724355190035,0.02310218062913256,0.472843057541104,0.09124705286634943,0.1806738010533625,0.02222666435815134
0,0.5089977997101991,0.08474594680708106,0.27733757156770655,0.13597624271717146,0.0008669250667226961,0.3778507463959677,0.2805455574118681,0.13523502335249307,0.069525505055777
0,0.6898805991144918,0.08682056644532288,0.5220913851773877,0.07632874320363257,0.002803529972191857,0.44255400174927945,0.32735682901150226,0.12756174924478292,0.023395146818610876
0,0.4,0.21700795895990843,0.5222762041826228,0.19081524908736963,0.003324298601514652,0.5388799331620614,0.14514712551183095,0.04765652975032843,0.07417686388689504
0,0.7209107462181359,0.1598909048991349,0.5940950994048888,0.09711641843818655,0.01820066820074019,0.5039649845473153,0.3162096246980218,0.045516500106413255,0.01899180400932298
0,1.0636288818366146,0.13411972791896906,0.5239034155004292,0.09701847993882232,0.038975326185986786,0.16296340868473047,0.4470740689621738,0.18984819115987825,0.06412052506840846
0,1.8690556589944634,0.2801388338956298,0.41711128354438726,0.0627773669011133,0.001618597471371997,0.5519385447756379,0.21588803676109256,0.1446877870188429,0.023089667071941385
0,0.5520917948517512,0.23332592900840107,0.3485019234090281,0.03149254266846753,0.07397855029801295,0.3263931123208013,0.3344758030009143,0.21747184182502852,0.016188149886775385
0,1.3152368425693202,0.1839065861442142,0.4758320039569237,0.09608560828173206,0.003732681819059352,0.3827427264730234,0.2748816684798545,0.2242462578248274,0.01831105712150331
0,0.5218558272197981,0.017406803344347032,0.29088234611453506,0.04843975257452664,0.0157426129348334,0.22905266037999342,0.40450502964072943,0.22718293865514597,0.07507700581477109
1,1.6637453265313873,0.08818040869525003,0.11802164746623335,0.3367986612371966,0.04642217414410209,0.1723481831885614,0.24445016508104467,0.09748367032402395,0.10249714602507126
0,1.8940506584025911,0.07510935005142036,0.11641780784207598,0.04337448557819111,0.028972018636937408,0.6115649944498848,0.1993823705225894,0.03988569130901399,0.07682043950338323
0,0.5792423864951225,0.027847135108671893,0.16137416712444852,0.08047117989652013,0.0342786157484248,0.6836646895395626,0.07841635879787727,0.06429698067343415,0.05887217534418103
0,1.388124006353054,0.14733152841655042,0.31076096353680327,0.16957049787008086,0.044339636367137766,0.4797982797489224,0.14060692793346916,0.1169081661502351,0.048776491930154736
0,0.6377521155418653,0.15250615250326527,0.1446666670314862,0.15228066086553785,0.018661985413856504,0.32762646160715986,0.3663439218899506,0.11808349341103075,0.017003476812464592
0,1.4761963789095547,0.23026263489203852,0.1624365439337882,0.08659138049195748,0.029349322820877256,0.45324059353171,0.3071475605285162,0.09552087217040935,0.028150270456529812
0,2.355740051526996,0.26948159177629255,0.25357419202532505,0.13183143699283173,0.005611159648262118,0.5423362956264851,0.24771164440279808,0.02797527047272294,0.0445341928569
0,0.6898192420914296,0.2170024212125801,0.31681581118277086,0.21539983299335785,0.05889419925972426,0.2103594452662659,0.29610041040859486,0.17706144361353068,0.042184668458526385
0,1.772279116057574,0.20350888389012775,0.542855480060702,0.3196252924809578,0.07892275380589046,0.23045983091922723,0.23099982071137415,0.08457939330948225,0.05541290877306811
0,0.9954134736262665,0.025420326104034874,0.4026305431347021,0.17040577326732986,0.008641921261587896,0.6523583164066323,0.045922204325759566,0.1101277815647411,0.012544003173949131
0,0.8579975557900756,0.25128313383327705,0.49159307099758554,0.16331956675042705,0.010081220305650247,0.47097541442165597,0.2083150019487707,0.11345336948273256,0.03385542709076344
0,1.4705465773833795,0.030170401779793576,0.2978459787698893,0.01897803319748605,0.06326248202251385,0.6027569403898511,0.17655895893383208,0.07651688490632474,0.061926700549992296
0,1.5700031856654886,0.08978106466710714,0.3321242994368502,0.0977676893596918,0.015129646685640617,0.49848211686507693,0.2311207806890422,0.1177683697507555,0.03973139664979294
0,2.0850986346900755,0.18037294962147601,0.14265069883931028,0.1601108981397359,0.02514301321339013,0.3949858969279238,0.31662165495960515,0.07239439422520254,0.030744142534142545
1,1.3861243904739502,0.01918104695132039,0.29556137375603153,0.08787289072627515,0.06255317965156004,0.11754432785563186,0.5295517806069356,0.13153303897828916,0.07094478218130808
0,2.261712994857953,0.19981313051785307,0.1343411501868437,0.15784335162415475,0.0094427681868985,0.27397904018972946,0.27242230731109324,0.22399756262161552,0.06231497006650868
0,0.933465067017469,0.22817391330882456,0.21230047976714908,0.08559712832414512,0.0027918570812647033,0.4838366192995125,0.4006257633044671,0.015600632645222991,0.011547999345387572
0,1.5684423416989013,0.10249671624818167,0.26847241558433343,0.06358180479664938,0.04419297272333012,0.5690744074616393,0.19604148690532433,0.05904824188334515,0.06806108622971169
0,1.3457355986395028,0.2275920824504507,0.14822517410338873,0.1091116789552559,0.06320110586321431,0.6099610407348457,0.15357956174300627,0.04525442232713346,0.018892190376544115
0,1.4633404933567276,0.07290194933454171,0.4957836962998081,0.10073422933594531,0.06323477948104124,0.17413171353984735,0.4333366794649253,0.13210618556072262,0.09645641261751817
1,1.6568078688529684,0.0632463655886051,0.24385702790294098,0.09118673702008558,0.09508736751873452,0.18402917752607473,0.28188841471576964,0.2963887910445818,0.05141951217475357
0,0.7355966949002684,0.08206377620961672,0.23938671738073367,0.12231647684297771,0.041956679242431356,0.5347818974609553,0.2089971155882725,0.07283289504215414,0.01911493582320904
1,2.1634592848820904,0.11760186215112739,0.01170925856246081,0.038441126652413865,0.024684866689330762,0.5660230818499115,0.2540919657501603,0.072251022677593,0.0445079363805907
0,1.8309156458522264,0.14152702045896723,0.5630454356032433,0.11458528433544792,0.012883637618795758,0.3437699412195645,0.24294714071609885,0.25091869305802444,0.034895303052068505
0,1.286233512401492,0.005225800660068003,0.4039863909282158,0.020910330211204083,0.06930492852883366,0.3652663410272493,0.4018285566955931,0.050062552324761464,0.09262729121235856
0,1.5001786946079663,0.2631004581023153,0.3246778567967848,0.051977324388455926,0.018149430469154987,0.5107485883554901,0.3101447214752231,0.07274523830434648,0.036234697007329314
0,1.333944498261511,0.20204877962506945,0.2204600190888789,0.16867114275862868,0.04964249479025861,0.5178213571489495,0.11654421353055251,0.13588044708488645,0.011440344686724297
0,1.4492948452500667,0.008511668835751884,0.13705881432049685,0.11800468835438865,0.033071241319729806,0.52212840698722,0.15567513297249713,0.16057650731154322,0.01054402305462131
0,0.9477693563798768,0.021544025351888207,0.13299147332641273,0.202836630860625,0.06595332511013746,0.18722444003995203,0.39267091146053823,0.11063667036485736,0.04067802216389004
0,1.6858487846836234,0.1351843694048584,0.16278695068798923,0.12188989723467455,0.03314056356457544,0.1860293667913772,0.3802208130026247,0.23131445623811617,0.04740490316863201
0,1.1199410250653252,0.037894504263331304,0.11136110119335403,0.08946388975414817,0.011817498772342335,0.5594358910269638,0.18374962640799616,0.14304055344242553,0.012492540596123996
0,0.4,0.25219082596317854,0.5406166092161278,0.11460703744932657,0.024901523768081565,0.6185379858955223,0.07036633008362282,0.1124313667016094,0.05915575610183721
1,0.9307710035224077,0.21543951122846663,0.07583966869513496,0.02661128396144468,0.08617926619954885,0.45467308004235024,0.22172818821414725,0.15135902861253392,0.05944915296997497
0,0.6614903390549415,0.2608901479130748,0.3618195433339717,0.19609133230514478,0.016469050247277472,0.5302789894771943,0.0389041149728225,0.15664133387901402,0.061615179118546866
0,0.6637413050397254,0.23309282549790772,0.41749459348489076,0.08435409453261683,0.01418887239672978,0.515615557504735,0.2701099618092121,0.09553938092238434,0.02019213283432203
0,0.4,0.14466795914706113,0.2057552040609239,0.1273317317069234,0.027281580500866695,0.5101434668852342,0.053012701193039566,0.20270992879987915,0.079520590914057
0,1.4198874603628857,0.22951830170217413,0.16650686089397831,0.17719837882140557,0.061157886903643995,0.4363412774435093,0.2967194859139569,0.012469427914694178,0.016113543002790217
0,2.03364603148982,0.143319666898099,0.5850740406233491,0.12203940835322166,0.03484901780191133,0.7311772184367938,0.038750783189270964,0.04344014507757593,0.02974342714122633
0,1.0732814062023586,0.09534147353292594,0.2827284754293604,0.09689802860945561,0.07030744363061946,0.27736073747010176,0.3127792537322456,0.13821166312038596,0.10444287343719166
0,0.6226287994507831,0.019867071539691295,0.35687575062729315,0.07368556065169266,0.041731978084076186,0.5098303408449281,0.2263175930235635,0.10931634553581125,0.039118181859928325
0,2.2598719538796512,0.18090729490949156,0.36570596829306273,0.2448374594251895,0.012680278038509003,0.4449245472409132,0.09379609435617617,0.1600835610006554,0.04367805993855675
1,2.5809436659570966,0.1422566664621746,0.3893162427352156,0.03863606550515369,0.05666213792045244,0.4200447574656645,0.3309635432583541,0.12805992953466766,0.02563356631570756
1,0.6401430002226142,0.25713075427603216,0.0281349856605162,0.04904831761387788,0.06187284520364183,0.7129902647904863,0.036538213939558715,0.12154980754697757,0.018000550905457692
0,1.808146695580004,0.030627925541113186,0.2811235531811918,0.12904806884499787,0.07173072966631361,0.2680637034051899,0.47006424915775774,0.037183527038163654,0.02390972188757713
0,0.6000526077942894,0.1700116776196192,0.255550697710259,0.13106106463912093,0.04466406104168206,0.46650730933825585,0.28558045204456706,0.012473768286150247,0.05971334465022375
0,1.6427909000387824,0.2294334165177408,0.3240673867853658,0.305638719053994,0.006541984237488722,0.35074605110592455,0.06752860526042481,0.18889306558436064,0.08065157475780722
0,1.0524648440197653,0.059736224237567866,0.5473134137608624,0.10057916360305161,0.06632164824060274,0.5166216047578195,0.1491471538385755,0.15267587466115953,0.014654554898791104
0,0.9672767913344977,0.11692554472291848,0.10189261771356421,0.0793262807946532,0.06446127600392478,0.534513150396067,0.11466743351175562,0.1376555683978476,0.06937629089575181
0,1.032625504913074,0.14770398682117164,0.03220478551599613,0.0446516702401427,0.04530842076431175,0.677499819414082,0.18565768183447134,0.03336410963679351,0.013518298110198905
0,2.3693223351975092,0.03740230069416662,0.06294665290334235,0.18826463313676015,0.040180323087012436,0.4347435593411548,0.12680541139588497,0.16454667756383753,0.045459395475350196
0,1.1834554302671574,0.21475217423082318,0.12822658610815785,0.09688570352156531,0.047814309978442465,0.3517689355210619,0.3935496002209639,0.04915808082943825,0.060823369928528034
0,1.6427008927305264,0.02299528031892224,0.48547960684114866,0.029184087116265342,0.01369223901363381,0.47776350174951104,0.3822131303403694,0.03154652156930871,0.06560052021091159
0,1.5460734332240809,0.24627984577622056,0.021498355450849372,0.09551186942028364,0.019867329011857372,0.5565197242913784,0.3140240538560861,0.007826545033576925,0.0062504783868173736
0,2.0022651377785152,0.2450528839151396,0.39641378243783376,0.09794782435317177,0.0003435818078719046,0.5350480696379982,0.2861008499403721,0.06957207745869685,0.010987596801889326
0,1.0629250348410442,0.06222641632782493,0.1882179011330865,0.190984218574873,0.0692801012756918,0.1563463568277537,0.3382892313827133,0.17345556742218154,0.07164452451678667
0,2.1855888346247134,0.15154204254915687,0.5720170800713656,0.1532076278516563,0.08929994962724665,0.33913400226300705,0.19109881198697887,0.16184127735763756,0.06541833091347377
0,1.2151491955696123,0.28578450052773735,0.24488982956001368,0.04841504687298582,0.07972913307919213,0.08811032352540514,0.44830256526948953,0.31692015514306165,0.018522776109865757
1,1.6368126318120755,0.07165211028745429,0.30330751975512726,0.04558326987944621,0.09398143385626338,0.15149647406788944,0.5069121954619822,0.10070880989386678,0.10131781684055195
0,3.018180464718525,0.28283390879422804,0.3932821858105438,0.07139540070029599,0.014253178395977728,0.5644537073157669,0.18849067550870546,0.12391085436416906,0.03749618371508472
1,0.981113714152021,0.21905562424149072,0.025479441508542644,0.044413668347262444,0.042626325926011566,0.5248118074705124,0.27523308062864427,0.09999611422775272,0.012919003399816512
0,1.3303022338933221,0.11683691069141904,0.5617433531408239,0.2628298964288307,0.012665419297122987,0.4103317600719624,0.08673329976140064,0.20291196131925474,0.024527663121428574
0,0.9836967726069132,0.29259748982355965,0.4748567836962069,0.24583194427439634,0.029209597690763443,0.4271060988821057,0.09255970905867575,0.16675007762786304,0.03854257246619575
0,1.043667842376678,0.2909607254318324,0.14199036075917554,0.021932751703074856,0.050797127605675195,0.4706751942955284,0.22875804330741795,0.15221276769972794,0.07562411538857573
0,0.5247042734961009,0.09608477340774062,0.47193793310976667,0.15006347068202833,0.009939959230571194,0.6033540952579749,0.12451462075360754,0.05490702478032029,0.057220829295497745
0,1.3023903462257977,0.17617871653419487,0.25923564912579905,0.1473160496426835,0.040424993455538225,0.3684570456277544,0.25354394400126856,0.09241190170070154,0.09784606557205396
1,1.4133939600181138,0.2843883268454488,0.2198979015346035,0.3504854336711671,0.12694556400660195,0.0841602964383462,0.3053088758899143,0.07527142236437885,0.05782840762959163
0,2.2002067473812787,0.006016457289426969,0.5812402482590884,0.20446735868112734,0.056090787815465074,0.47006556738292454,0.11157132799365396,0.09185312141976235,0.06595183670706667
0,2.6033214691815396,0.1924527308539772,0.3909525515128322,0.1370134125979061,0.05550841865271071,0.44469768646613056,0.28237250671175834,0.022244201697199786,0.05816377387429454
0,1.7520120742237988,0.24898016949290971,0.3633536416567053,0.060965066042936014,0.059170763381335346,0.575397692955502,0.16379203881274307,0.08381030228603387,0.05686413652144964
0,1.8442381539602746,0.06143498963498431,0.3671707929487543,0.1840487855245157,0.02599951167779165,0.4292059248677966,0.2516290487233184,0.08324561376890623,0.02587111543767125
0,1.7586577253073776,0.2118906948011654,0.43051039389853585,0.0765393475079821,0.13288353252052795,0.267180452673237,0.16780335241804875,0.2724772593840767,0.08311605549612756
1,0.8914830626350209,0.20187382059155315,0.16181207282848814,0.02679393789087727,0.010230324502312342,0.7739411713872423,0.02456505569422069,0.1168921662688923,0.047577344256455
1,0.7036764110222576,0.06892283683360616,0.43236332248496795,0.10116784304129353,0.07353705713458542,0.511408801662848,0.03595418533811652,0.19502435146776015,0.08290776135539636
0,1.4553694899988399,0.015524874877348615,0.49228669385829077,0.06547941124438106,0.007718144331766154,0.37399374406799935,0.3457957650943157,0.15615210102311572,0.05086083423842201
0,1.090635417531925,0.22881002043013143,0.24291676318462935,0.23183859556815403,0.022091622484858253,0.4307119213465083,0.07780049447056202,0.17138878969622956,0.0661685764336878
0,1.0508447710616435,0.17136502137530005,0.10725211862287498,0.1992203736504481,0.015424235710566607,0.28047859097916117,0.3449534011809606,0.14450113607480092,0.015422262404062697
0,1.0428839845519549,0.1470026999333975,0.10797473169703688,0.21489001275288164,0.04438069569340349,0.23878319761814276,0.42205282284998397,0.041348859705740953,0.038544411379847154
0,0.6259924070222105,0.1712809560851292,0.4649657991616338,0.09068050185995608,0.07367583818638337,0.407039511565547,0.332776762716637,0.06881096813928249,0.02701641753219407
0,1.1049794342833485,0.006719522823954116,0.41377698810697855,0.12142489123636416,0.01063695366759551,0.5932263858310023,0.12581770887377355,0.1184035643039293,0.03049049608733529
0,1.1468207081591355,0.2432410933959251,0.41063635070635085,0.036123609820882016,0.07157904667488037,0.6695146033305909,0.11484457601516455,0.026148282492471232,0.08178988166601095
0,1.5718657617934566,0.29303761233657705,0.5886200833762294,0.10496482422809962,0.012942464352881686,0.5789922983812431,0.20666598563827415,0.039978023618400624,0.0564564037811009
0,1.3419732170175167,0.05793673133703635,0.5485205934648625,0.043622500492122206,0.036333790317901196,0.6350682623205366,0.14682087189208737,0.0888612539731432,0.04929332100420935
1,2.4459997215251583,0.060525230324490274,0.36347297110597276,0.1678368784586345,0.07824775722856399,0.5353848895178072,0.06466453030061223,0.11969499700323816,0.03417094749114409
0,1.7679961815710796,0.26184823977539184,0.0944729138528775,0.1753336859312197,0.06671446993383344,0.11926335841335879,0.4174999709219957,0.19998224981103502,0.021206264988557297
0,0.597536798836603,0.26873183819917607,0.42993935763039404,0.16711886271747928,0.04763277493188133,0.4791808223370351,0.2260587082266825,0.027915914227882484,0.05209291755903935
0,1.361311071650435,0.10111236173458768,0.10458534839820566,0.10078837793816654,0.012205492738460203,0.3256486490769444,0.4298016760323673,0.10072948467890698,0.03082631953515477
0,1.129919071478291,0.03530842527999608,0.32222042700032383,0.17643587553188214,0.039434254867116075,0.2657765790854299,0.3484804412596379,0.1337451794734838,0.03612766978245015
0,2.228773134980317,0.20522553072816138,0.23141638795190378,0.03460091929906144,0.04610034843528103,0.3292039505327241,0.3857733503847717,0.14001819450964847,0.06430323683851326
1,1.370939553503761,0.11374571058568889,0.03141820169468834,0.2621913022743564,0.0591409720565064,0.3745777035072176,0.08026245308753628,0.20074635975456132,0.023081209319822077
0,0.8102653704044107,0.28175530530064113,0.01333011105818691,0.17739044004211535,0.05401599928583438,0.1660199913695108,0.3360182643761024,0.18596304569924538,0.08059225922719186
0,1.6513491164915761,0.06257282782525182,0.47917973571491346,0.12504262053416332,0.06279206061472564,0.5281709690582296,0.18084984360342085,0.08335381447908904,0.019790691710371757
0,1.84697181903717,0.15305379015793136,0.1592205291896935,0.17133548408331345,0.06031439918266563,0.34019629893932263,0.35133219424782136,0.025693784709560165,0.05112783883731669
0,1.4770887908301416,0.07073614906673063,0.24706761252147003,0.18747096712242375,0.014956801086930843,0.5175829428527451,0.04843725723240386,0.20584405750024115,0.025707974205255297
0,1.2275710399276605,0.07070581138004083,0.4193648768780314,0.16990919498430349,0.0009792591461868143,0.6485905700588717,0.059913902157212366,0.11153400982535276,0.009073063828073073
0,2.0863272173696203,0.20990354206386427,0.12389675361234957,0.109986380506796,0.07580414015466494,0.4798030059137827,0.17655797273696203,0.12183365753228359,0.036014843155510706
0,1.9852216792840527,0.25668726820184046,0.19137786838815246,0.09269506265963377,0.014809048564963805,0.5306964919236651,0.2382141150999006,0.07362859772526342,0.049956684026573425
0,0.7031381884656156,0.13471637796558672,0.10055227297219971,0.0855778466551607,0.011420057722095742,0.4652378908777816,0.3008485641423155,0.11017115795446937,0.026744482648177054
0,1.5288152097666066,0.22422935961733972,0.21800389820144842,0.02437963268008634,0.023896377023767252,0.5651406803529713,0.17320159966734752,0.14989920952055194,0.06348250075527577
0,0.9218644221634805,0.10312811085226935,0.48865680711417503,0.09012940702918867,0.041679523928445664,0.2665946276198901,0.49959357432423773,0.08054429701732115,0.021458570080916606
0,2.4357990492433967,0.2812725621281031,0.2687039774820402,0.2203375973193244,0.07095538733536341,0.3637579481754732,0.10874737604951158,0.14840987678790374,0.08779181433242386
0,1.0576998384179592,0.1396480924282169,0.09574528750274196,0.1991065289538484,0.050447334527860856,0.33072240951382537,0.22060976410136468,0.11819785604683951,0.08091610685626124
0,0.84821601927019,0.2725579236137207,0.21566817678759265,0.18433788068602724,0.014937851904415298,0.3891212010293947,0.20037836375449686,0.15678568873801682,0.054439013887649164
0,1.7459276578577918,0.052756246548205245,0.48859164591238,0.07505643677648861,0.009164997638850701,0.7138501689424277,0.04815412421053775,0.11515059717053923,0.03862367526115595
0,1.6981371928325495,0.09442649056294895,0.2781067637367605,0.13323330934635105,0.04953734035932678,0.23040861791425526,0.3740234939424171,0.19008264058133748,0.022714597856312455
0,0.7904329131620997,0.17154895324927363,0.15782586305552568,0.12631981376525214,0.057487298548470046,0.33380435256342894,0.39570025873038894,0.07093209957120228,0.01575617682125773
1,1.3729781070615539,0.2999906983292383,0.1306968434235952,0.09697734460326475,0.0746395074502176,0.6320558602942555,0.04674844548550629,0.1001268678390929,0.04945197432766297
0,2.1325314717252217,0.16782255655508496,0.34897232431991415,0.21763195749825429,0.016929466540159418,0.16287067401999866,0.4376572146308327,0.09586076638602391,0.06904992092473101
0,1.032193920850912,0.29480246817490163,0.3903941336411581,0.027908293238007992,0.04608677659354189,0.6597757218187802,0.2459387216408339,0.01277087347082599,0.007519613238010117
0,1.3919182211607533,0.18810293771598421,0.47523309261646607,0.23015434008548669,0.030038061519846542,0.5511894752487942,0.06459116234061751,0.09333685405187948,0.03069010675337556
0,1.5579042720078187,0.057836546965167455,0.11418862489970677,0.10341476193422741,0.05876008033164688,0.45968273498241713,0.33345188265372416,0.007956720108487967,0.0367338199894965
0,1.1782744010052055,0.07062319815892237,0.05405902485135348,0.12358769260199536,0.02193831924067599,0.47750108012507436,0.3532773705259124,0.013154539396198234,0.010540998110143755
0,1.645093169137533,0.020623883930960308,0.5964503709301209,0.14200481555702493,0.03165483483900478,0.4698202163832709,0.2882659252241318,0.017006733054690443,0.051247474941877064
0,0.884367194898476,0.029201117664942277,0.1749405316296612,0.10736355116332484,0.03845357313543537,0.4961819755984485,0.2330720131853742,0.055541822704024406,0.06938706421339258
0,2.6597562434774473,0.006244814475796945,0.5783564183352362,0.1220516880953819,0.03024717200855093,0.3909203802309875,0.39855537705864275,0.00912800930434351,0.04909737330209349
0,2.687450286558264,0.22219879414924926,0.24823626755239525,0.06508455877853711,0.007459545853504156,0.5180115597950076,0.246642449276409,0.11983545915859553,0.042966427137946614
0,2.1383853405054514,0.2891558904359027,0.5939279954195719,0.254190682888866,0.011362908093459717,0.4989454376987819,0.17203802664004206,0.011898989314881491,0.051563955363968794
0,1.4353918112487647,0.036129774508286784,0.3281385317254472,0.14152979930608148,0.04259116514861555,0.3715872010034597,0.31617546896105764,0.07913433202943503,0.04898203355135071
0,1.4739940488840215,0.06903887042024476,0.07832685560480641,0.11364395305260715,0.035098723864865865,0.5400174599096954,0.1804062769869014,0.09275697560641548,0.03807661057951481
0,1.8573124283835498,0.03984673406917126,0.3820825375934246,0.03979716189366116,0.007893187983778055,0.5016737636689661,0.2577325479540372,0.14497342835638302,0.04792991014317446
0,1.1031858476653327,0.08024425398937914,0.2884026203858196,0.09861095328338086,0.034766910326168965,0.5618530383849688,0.20854160358595578,0.08444561007428063,0.011781884345245106
1,1.2700629453092647,0.01615133219428554,0.1673338297774292,0.3610309970944906,0.08229370111849042,0.15349423779514432,0.14191733071729168,0.21687180140784487,0.044391931866738135
0,1.7785853912000782,0.14504435228710838,0.08693674836499096,0.094623355602009,0.045096998345936654,0.3618725757709004,0.23632364490239616,0.16805684781662403,0.09402657756213388
0,3.204163208524196,0.18551720061519805,0.5009929691355886,0.13764797122576075,0.024644081101773345,0.6223698828061802,0.16148899263396516,0.044133371820708214,0.009715700411612469
0,0.5671403180073611,0.2565491492957302,0.5429011165846531,0.09119530874731965,0.058390609108145565,0.5642438655270562,0.11560824743529674,0.1269520727036007,0.0436098964785812
1,3.9105322353917655,0.13908868114423556,0.5424702546679793,0.06798828940845604,0.03331173440813638,0.5545429788358354,0.29796306019561486,0.013207714574715314,0.03298622257724201
0,1.9789880864613751,0.24593772949314602,0.24764864641436024,0.0794272927265185,0.022163857751461433,0.3893755668766755,0.3145612279329288,0.14966636431838426,0.04480569039403145
0,1.0500553128798158,0.2002377987336582,0.5396131009562909,0.07223419687256441,0.014177356004112938,0.48311555280131296,0.3851319055330191,0.03778515630269706,0.0075558324862933495
0,0.9978987906225232,0.0919666124568121,0.051595371967753746,0.04540373997447059,0.03598705677701975,0.622204749190357,0.16712794432130132,0.08637339243411289,0.04290311730273853
0,0.4,0.11985464131678969,0.4092804770097652,0.23475664246401207,0.005913398054230244,0.18722648547854062,0.32161145624023785,0.17150660543169935,0.07898541233127987
0,0.9330783507558885,0.27280804401049,0.4447617639915707,0.04946550920901707,0.006534183746936408,0.5670420404319397,0.24114449533006396,0.1000503708165883,0.03576340046545443
0,1.0443079312607892,0.05416417759065104,0.35298483392292895,0.17751823440710693,0.06140213062280515,0.3846384956993554,0.26860900433851853,0.04434309911797027,0.06348903581424369
0,1.1947652653001093,0.049134124740773756,0.337395811497569,0.13418209147180682,0.03256295293088985,0.46489240350126687,0.25170715973915647,0.0793049618693573,0.03735043048752278
0,0.9344802504222482,0.2953973552331824,0.515914605763032,0.20638753870116494,0.011245371415533863,0.22927485811166942,0.3825547034015182,0.1462332587909839,0.024304269579129723
0,1.3477741124473284,0.1853977121167561,0.4842448266941148,0.12692179753563743,0.02368884220630112,0.4589222794504642,0.2800499386589631,0.039773063873173996,0.0706440782754602
0,0.8632082528967036,0.21810543229659932,0.33417817923720655,0.09966667955325038,0.0484840336803197,0.5166033557926386,0.23451598101417603,0.08680892824562256,0.013921021713992612
0,0.4,0.09491893173806079,0.2915340381645965,0.11957416784783337,0.002389479245852094,0.5035009782154161,0.3177948469657541,0.029983564809315622,0.026756962915828648
0,2.6525013739701495,0.19464994521826245,0.26302934920920495,0.12650740267969787,0.015152250220164453,0.49057157747168,0.22717032130734613,0.022891637188538993,0.11770681113257252
1,1.7892614467912633,0.06807021775349496,0.47444171981630573,0.018307708897555827,0.08774884313121888,0.726703124625501,0.03366993063357697,0.08737518273201549,0.04619520998013171
0,0.6053671760590876,0.16033258625295616,0.21085019976633415,0.24329178286395983,0.011827831578586525,0.38361922868149545,0.2522057064555131,0.04513892147083246,0.06391652894961261
0,0.6866163990162286,0.1296693388823596,0.34514599795877515,0.02243482376224182,0.08583904839098193,0.4582547415215086,0.3093027031007974,0.07008257347762337,0.054086109746846876
0,2.23341709949616,0.15176763278402408,0.4468262582503659,0.17424434206802764,0.021359179875609344,0.5800351269260711,0.12732150171299866,0.0860490755334459,0.010990773883847404
0,1.2881859451177444,0.23906675208565115,0.4518514902344785,0.033644097786396834,0.07617336242900156,0.4239154575434468,0.4261892496776143,0.014747015209974543,0.025330817353565765
0,1.9399753196054355,0.01339289950195589,0.44696956106724006,0.1747893260805645,0.05470091965783496,0.4427289683638929,0.2706646812688428,0.0488740577116331,0.008242046917231854
0,0.7848117196703335,0.12117215344123004,0.04017270361029548,0.1875804695526521,0.08273422626574568,0.30833163859048784,0.21334611582702465,0.1277122306960037,0.08029531906808593
0,1.5236900938937232,0.1519251151023477,0.2183829159104065,0.24130834580419183,0.01834987254644123,0.4041969499532791,0.08280198212164823,0.18454027925053104,0.06880257032390857
0,1.987281503240744,0.242087862046988,0.3104830940956375,0.043897345249065606,0.01606908838135994,0.5265968070992955,0.2934027915575799,0.09228317119427981,0.02775079651841923
1,1.6378654273896314,0.12611407109202863,0.15529676229032605,0.4297838501945783,0.13876377945151203,0.19054634708403667,0.056698396505468304,0.15322094827338886,0.030986678491015753
0,1.585822933526479,0.18182663447636455,0.4550269253739578,0.1938976899671706,0.05223916062728245,0.41633765938339096,0.2556181782465906,0.012054629837359922,0.06985268193820565
0,1.1113858256020526,0.006683529872840854,0.03623686622361988,0.12118401874485256,0.040153177088127316,0.6835535706672742,0.09104740652601932,0.01362133468959692,0.050440492284129765
0,1.0828090818343319,0.25147780679571496,0.5961763706678118,0.1418572285868812,0.06872932529138472,0.4678393551310661,0.19234378540996266,0.08652497074896695,0.04270533483173841
0,1.0449933390792476,0.22374629679889563,0.37727684791683924,0.14360072958662007,0.04267161706660105,0.504287399280167,0.1486853967521365,0.14575824705071552,0.01499661026375986
0,0.9629125122613158,0.297747047400196,0.2539889915018008,0.14288251821966436,0.0537629369955033,0.3601932779546059,0.3095938902942706,0.11023388280435382,0.023333493731602033
0,1.7861411529189306,0.25040931624548646,0.2507921086731384,0.0376137243605613,0.003013208303592313,0.595381827401646,0.2849299103095882,0.05264352742857116,0.02641780219604099
0,1.132256030108123,0.00466423353203449,0.000510749224946494,0.21224502008328935,0.01621081220559057,0.32485832523476255,0.21030219252585186,0.14346108492459744,0.09292256502590834
1,0.9612834243030692,0.0027443983446629127,0.14076660765093935,0.038555534313491575,0.021653126343616644,0.38959366126993056,0.3146538112988414,0.15386309099270298,0.08168077578141685
0,1.0151501338063555,0.20023205171451547,0.3366073924215867,0.10419259394173287,0.017362567170121995,0.24389041265206332,0.5967638005909396,0.02448271090311191,0.013307914742030276
1,2.848327096704051,0.14563485280910327,0.3629042050105519,0.10132730637437123,0.07858525179893176,0.29467292996485933,0.3070888202192398,0.10637868879569067,0.11194700284690731
0,1.0153394674401315,0.05796411415492428,0.5953872820651193,0.159110919521302,0.031070411913392503,0.5253502430309114,0.22352239145325878,0.020719445167150637,0.04022658891398469
0,2.3441647081697274,0.07313074444420405,0.04502999419236533,0.1644770850996921,0.05223529166667745,0.3982217818899543,0.19664888060786484,0.11916383266236662,0.06925312807344468
1,1.967357244645433,0.022757712204994316,0.4830687774508604,0.2906799431369538,0.01104824171953687,0.1282359990116013,0.43838840848645255,0.11930473782875353,0.012342669816701964
0,2.069867817425881,0.18149022229248435,0.29508855766799974,0.16927421500011924,0.05644830660323632,0.47573602723985897,0.09744382548765874,0.12204915725570803,0.07904846841341867
0,0.9460998271670957,0.2916727981207273,0.14653575197034832,0.0811868209639656,0.014525132010599847,0.5592529053644126,0.19431552960788323,0.1111746869961029,0.03954492505703574
0,1.6402356007938117,0.05532723859241527,0.09950452561881547,0.10719707317591248,0.01763319111158919,0.3889078875616909,0.2686068069562767,0.15194522375225564,0.0657098174422751
0,1.0070248953951202,0.05447710495269524,0.3363267555345043,0.1506425228645334,0.030837610832235293,0.44275391530999886,0.23893384345989746,0.12598641545185313,0.010845692081481858
0,2.060499742559523,0.2865854354582769,0.13012291292131342,0.11352465106238696,0.032865772561482764,0.4012758148511919,0.3165303915670253,0.03093195797828288,0.10487141197963018
0,0.9400984270967965,0.24289261222711536,0.5461587197505319,0.3322398676190788,0.08685727651521727,0.1534566828899918,0.10809282833584025,0.2527685013431068,0.06658484329676513
1,0.7991574331604927,0.07793076542823786,0.2505196494895599,0.12508642621303862,0.03387033617186298,0.1712412534411741,0.5702711377971447,0.0691607997081435,0.030370046668636106
0,1.4641695696733512,0.05275979122523504,0.25555115551951,0.09341358109669297,0.007952048265071232,0.6237589033102221,0.08936209113182124,0.1294388543729188,0.05607452182327379
0,1.8640966666525638,0.17744905004893133,0.048633962912774775,0.06281044234425806,0.055825598256956654,0.4982526707054772,0.20656472809295431,0.15097955668134283,0.025567003919010935
0,1.7217980358133165,0.022137165149240755,0.5838628151587054,0.07097290184163367,0.02374741783300437,0.32731969733605815,0.42634605440714834,0.14401580698946387,0.00759812159269167
1,1.752440915142404,0.038035009267417604,0.5960015846276473,0.1039430420124095,0.04244555548665445,0.10797498789845353,0.5881545139020562,0.08851175049445714,0.06897015020596906
0,0.45769083799196275,0.15021341313189915,0.02905939080012718,0.1231073529109058,0.0372841860246188,0.47691358120085225,0.24981160010972622,0.07840220912298568,0.03448107063091128
0,0.7228685131549191,0.16234936523216828,0.2464670219271172,0.06457615314697443,0.04742727829745479,0.510298565541432,0.2412273514359781,0.09584963512172635,0.04062101645643417
0,1.3971475958755843,0.2858720647770644,0.38681256003597664,0.03876633105553086,0.04499649393943742,0.6007172417233717,0.05847023830138994,0.1823423764613468,0.0747073185189233
0,0.4912709979617427,0.25739080551003085,0.30950149762864104,0.20388081725453686,0.06634913486872121,0.15421620053189417,0.4058679271024669,0.12908681219847562,0.04059910804390527
0,0.8882922575605288,0.0596468729350578,0.1822254735157467,0.1151311343181534,0.05400555899972675,0.41245764740695706,0.3456242283995916,0.02961176488958362,0.0431696659859876
0,0.9355330242771852,0.2713095478885284,0.47891011588476623,0.17424498938974423,0.05167923310445588,0.457859993717548,0.13759172194872515,0.12325339047245835,0.055370671367068386
0,0.7042201859976491,0.21727535732181388,0.37174797273844273,0.051088957999965684,0.05750287113878343,0.44636087344330955,0.21913042454509996,0.15785173134295105,0.06806514152989024
0,0.5636533824777186,0.035416130152007376,0.29739107811918813,0.22671261769842568,0.0059726995906148874,0.38115283154042795,0.23108588357312657,0.09158664873199508,0.06348931886540982
0,0.6056445964811712,0.1020365162590042,0.5979857501276532,0.17587083335912362,0.019340108639557808,0.3472258103611716,0.27515827817136995,0.1340206156129398,0.048384353855837094
0,1.729813919221101,0.12490637434772935,0.3151624777300159,0.08656532697549991,0.039769978828822855,0.4429808614454689,0.31704858054313656,0.09150014752659094,0.02213510468048078
0,1.6311272316022625,0.26223021731844104,0.19489256168270394,0.21125325040830628,0.020722303215187407,0.23052911742994497,0.42794476120907365,0.07991680801665155,0.029633759720836077
0,2.264068577644888,0.26515303634938286,0.59382864267527,0.16739385824340264,0.018332251548067037,0.4274877807515786,0.17385493198097174,0.16087416088723447,0.05205701658874563
0,1.3229456631605054,0.07204184948526922,0.27868367873993966,0.08608512066741249,0.0188324308558113,0.514412241946146,0.3230201402649737,0.03952075804779285,0.01812930821786375
0,0.8686097472844013,0.24068042118993369,0.15687117528869646,0.06537783932743892,0.007997819466092087,0.564678481983284,0.19093504153004895,0.13151638943373106,0.03949442825940515
0,1.961273818941721,0.044454995835638646,0.32705754477400084,0.09581336301372091,0.049725336516332146,0.3261363393248913,0.3319848385768093,0.1420453280558796,0.05429479451236662
0,0.9748791472598406,0.23214756685217058,0.5405836812768741,0.250737406694808,0.05389691592797975,0.18521665446620028,0.39950583865815975,0.07291666708467719,0.03772651716817493
0,2.0498445088704007,0.1903573245033559,0.19051903711200005,0.16368246287777788,0.06320615553596397,0.33982197512611845,0.23165169914015804,0.1397451030612425,0.06189260425873929
0,0.7873299860535488,0.22959841060073538,0.5032800557422895,0.1782902949383087,0.08739003588029078,0.14225516107288108,0.30505371873052006,0.19498274359098958,0.09202804578700971
0,0.9310552799080795,0.01897163305030103,0.49642864789907865,0.1331944694239962,0.007007108056768261,0.6570453437612613,0.03894412811768404,0.10301484875143985,0.06079410188885032
0,1.2600750286148341,0.024985734687042082,0.3216136667103237,0.02475904219980417,0.02555901580409076,0.5854932264402832,0.22766168501514972,0.096897100682352,0.039629929858320055
0,1.601135138654533,0.12531447392616937,0.25770920820824267,0.14595519924213587,0.0014477184362170176,0.4513097312208668,0.30708095382911826,0.03405255720325694,0.06015384006840503
0,1.2314962158296219,0.2671158160887473,0.5040014835300689,0.06665707707042051,0.0070397088129908175,0.49406319875728705,0.29239986430966286,0.11030403937094885,0.02953611167869001
0,1.6435735101526072,0.148520230286047,0.2475840016666937,0.14240415889353963,0.04878836776371221,0.4097812143595496,0.24563447615601114,0.14341293781259978,0.00997884501458771
0,2.3482755716297654,0.1473991995996667,0.4277794263051842,0.15291529411530697,0.048455062876917684,0.510781804020239,0.23583761684745735,0.03448030728977825,0.017529914850300806
0,1.0853213609815633,0.12637717718457567,0.25905089946082577,0.11769881664551632,0.022384181361612535,0.42333892751358576,0.27412981634737144,0.13627284740739692,0.02617541072451711
0,1.738776674033987,0.11017605789096005,0.5160725625320585,0.17777166553002327,0.095450801411772,0.34908480644863965,0.23875793726557382,0.10726578585380976,0.03166900349018163
1,1.978036305717858,0.016515217993754293,0.544422124895359,0.16040902404544166,0.015541409099518799,0.5094504896428159,0.04943232518623177,0.1324443295753901,0.1327224224506017
0,0.9974063914252314,0.23699005953621152,0.48357783524069975,0.13205450229896257,0.00010929786025959271,0.5377854094420309,0.24748111873913453,0.06338215272494462,0.01918751893466786
0,0.6642922439434642,0.02044360097762,0.4412333244600336,0.03954071819741909,0.008689143077792803,0.6566669275041996,0.19028073751752503,0.04365919154807613,0.061163282154987224
1,0.8989319885917204,0.0756368503816941,0.07386837705157641,0.15227427038597952,0.013548171140750683,0.13066314885582322,0.5724079802142599,0.10071236479069454,0.03039406461249236
0,0.568323084428185,0.10432265278189805,0.42760535724911425,0.19754850518327444,0.007084625925687035,0.1619269842718728,0.5233157901926823,0.09212158062290324,0.018002513803580127
0,0.821480213014166,0.0007925836357133842,0.5177561421041316,0.09753909387193041,4.843106334902491e-05,0.6625820507954203,0.17529846641862112,0.04240104361166174,0.022130914239017172
0,1.706070910884045,0.03476659807051645,0.2676239983385494,0.07020195204499736,0.07130549846914597,0.496982769496503,0.19365158713416156,0.10231064289050065,0.0655475499646915
1,0.6791280147432616,0.08975906884545723,0.021878998720146026,0.046847093694157384,0.05728437575337394,0.6652304486751327,0.08792400026796938,0.10265109608295775,0.04006298552640884
0,1.735764674076326,0.03556095626538629,0.1553536786530542,0.18085863488382836,0.010485540608450306,0.13324561569614563,0.42058463082950126,0.18947147579255083,0.06535410218952349
0,1.711999651380605,0.11711505224039763,0.19637871920420152,0.05495540144444755,0.00899462838479581,0.36642624841295696,0.39369022227184797,0.16401235166123163,0.011921147824719956
0,0.8823128542327349,0.22355244373140679,0.4436661413402147,0.1935046452995912,0.007286960958985543,0.5102748569781577,0.14482312125146957,0.09499820466627852,0.04911221084551759
1,1.8033286557160637,0.2938412514118855,0.131303825644645,0.28004464109985217,0.03441413672392114,0.13236790415490665,0.30091845150116237,0.20979925327956506,0.04245561324059241
1,1.0590224724146595,0.24490099399669585,0.05347923592097798,0.039655122044626546,0.0638299614484227,0.3987430592289169,0.29953428957267286,0.15204327934011674,0.04619428836524424
0,2.2818110993379115,0.22679626229891073,0.26788419635402266,0.10901992438658376,0.0005166396883181417,0.4773643288121473,0.3193929856638707,0.052837930077028715,0.04086819137205144
0,2.6079029301992604,0.0366093473313117,0.25370057837411364,0.2173242876694455,0.05337466815773938,0.5238463778515904,0.140214254148181,0.032546370140166515,0.0326940420328771
0,0.8613873089879304,0.11929492044526069,0.3370285847159728,0.10076131676170988,0.06768906339025924,0.2909329641724514,0.35172846265504726,0.15209503890896092,0.036793154111571164
0,1.9614837113124537,0.1876337379985821,0.07693365434442291,0.15291442577284053,0.0462131876332985,0.3243641071928578,0.4360344932147713,0.012417238185101563,0.0280565480011304
0,1.6759552708303245,0.156478747260808,0.2826822764228761,0.14374143276800622,0.04369178881951069,0.5223803421666733,0.18900064159326252,0.05992881025530193,0.041256984397245275
0,0.8950902260745435,0.06285166736783533,0.11389218615734426,0.23283124183777204,0.02779162250002097,0.28035349270374255,0.414625998055549,0.027537415598841535,0.016860229304073826
0,0.9019225365138992,0.1766820358130039,0.45592988322796124,0.1731259209625284,0.06139032655951723,0.25440566680407795,0.333955697787625,0.11184238613093157,0.06528000175531995
1,1.1437565249874582,0.21594901760453306,0.025429516092168657,0.24450984661122013,0.024499740063701696,0.10512146714950887,0.24291729721582037,0.2702548712161979,0.11269677774355104
1,2.0107819566683545,0.05859715133929305,0.2885055054139226,0.3597052728289321,0.11064148804032094,0.057694963376915834,0.35877005815874763,0.0559294623932021,0.0572587552018814
1,0.49028783496244255,0.08219714347363156,0.23970417759832843,0.24459736106111885,0.10133699000355763,0.07161231344495554,0.26819189838622176,0.22901977789269817,0.08524165921144802
0,1.1680865371216025,0.057557788187515085,0.3579658117004056,0.1600000924811656,0.023666884465240758,0.4494176512417376,0.19106955384236152,0.14625068234677618,0.0295951356227185
0,0.8280486486335206,0.16795268916629497,0.5960708589480497,0.05015519569911559,0.028540504072291386,0.37577544425171755,0.48790789750085634,0.033306392873042275,0.02431456560297703
1,2.0753924906842123,0.22236719246481002,0.17973213196497886,0.39926742160221995,0.07040258690298223,0.18841853991614027,0.153616099246891,0.15527833675317032,0.03301701557859627
0,1.7065462653495032,0.08377946691193378,0.10414463513481083,0.10868229888484641,0.06323407105002578,0.45643566578533573,0.14547307366986534,0.18562801838513562,0.040546872224791135
0,0.9200436782712839,0.2221950372697391,0.07397327527383613,0.13742103099378766,0.06262816053007413,0.5846181474955435,0.06650653780721096,0.11915425444610009,0.029671868727283574
1,2.0687933635891955,0.000116605733922015,0.3106799940449651,0.36495246918061763,0.03188122992866014,0.14405295495390266,0.3986626978755393,0.026509678640362803,0.033940969420917434
0,0.9988300545238251,0.01848573865233899,0.4710538748165924,0.09389915802204349,0.028278121887458887,0.47547467534729004,0.36285814863948884,0.03065513524788836,0.00883476085583046
0,0.5223226319820308,0.009474016006128337,0.06454103211869186,0.15635099642819494,0.0430762797590786,0.505594706903658,0.2145755222087546,0.05630645883480877,0.024096035865505086
0,0.8912741992718701,0.2420438578159936,0.2829392900568702,0.13992201871405863,0.12053320606131353,0.11870190201005519,0.267641361287423,0.2285328524045796,0.12466865952257013
0,2.8969452025472746,0.009495119831014165,0.5807127481288646,0.1075792856557959,0.0562865378089264,0.26127331969303763,0.3948983241070049,0.1662104894657676,0.013752043269467634
0,1.5675620786222404,0.0127250888465687,0.08741772941113683,0.09987712456371445,0.018333961469773695,0.5650395810096764,0.14740915470678911,0.15352069100584245,0.015819487244203893
0,2.0787500737631497,0.2666698643992284,0.03703993405633072,0.04777054762388735,0.01075303521980529,0.6341800898056948,0.20847716464236044,0.0750453366725098,0.023773826035742317
0,0.4249991768189547,0.0869193336832554,0.5580170573628939,0.2187149864636086,0.07989994314250472,0.3657456406350845,0.23299515364522777,0.08682550388733135,0.015818772226242943
0,0.7959071832771485,0.1398409336081517,0.2030519448746103,0.042953998708421016,0.07440855403012268,0.30166624766691746,0.35676422925234286,0.15480536649385127,0.06940160384834461
0,1.5480670980879006,0.15309972894603135,0.2784210406550873,0.1271720198587005,0.02129622467392196,0.540266564253881,0.24701601902598921,0.033821215737702796,0.030427956449804547
